0.00;0.00;0.00;4.02;297.87;75.04;255.08;279.56
1.00;0.00;0.00;4.01;296.14;74.97;255.08;279.41
2.00;0.00;0.00;4.01;293.54;74.83;255.01;279.34
3.00;0.00;0.00;4.02;291.97;74.76;255.01;279.20
4.00;0.00;0.00;4.01;292.48;74.76;255.08;279.20
5.00;0.00;0.00;4.03;293.91;74.69;255.01;279.20
6.00;0.00;0.00;4.03;291.61;74.69;255.01;279.13
7.00;0.00;0.00;4.03;292.52;74.69;255.08;279.06
8.00;0.00;0.00;4.04;290.90;74.69;255.01;278.99
9.00;0.00;0.00;4.02;292.10;74.75;255.01;278.99
10.00;0.00;0.00;4.02;296.12;74.83;255.01;278.98
11.00;0.00;0.00;4.02;296.69;74.90;254.94;278.91
12.00;0.00;0.00;4.03;291.49;74.83;254.94;278.77
13.00;0.00;0.00;4.01;290.72;74.76;254.94;278.77
14.00;0.00;0.00;4.02;292.26;74.69;255.01;278.77
15.00;0.00;0.00;4.01;294.76;74.76;255.01;278.84
16.00;0.00;0.00;4.02;295.28;74.76;255.01;278.77
17.00;0.00;0.00;4.01;293.28;74.83;255.01;278.63
18.00;0.00;0.00;4.01;289.11;74.76;255.01;278.56
19.00;0.00;0.00;4.03;293.37;74.62;255.01;278.63
20.00;0.00;0.00;4.03;296.31;74.48;254.94;278.63
21.00;0.00;0.00;4.03;291.81;74.48;254.94;278.41
22.00;0.00;0.00;4.03;292.76;74.48;255.01;278.41
23.00;0.00;0.00;4.05;290.73;74.62;254.86;278.20
24.00;0.00;0.00;4.03;289.21;74.62;254.94;278.27
25.00;0.00;0.00;4.03;292.38;74.69;254.94;278.34
26.00;0.00;0.00;4.03;294.96;74.69;254.94;278.34
27.00;0.00;0.00;4.03;294.31;74.62;254.94;278.20
28.00;0.00;0.00;4.02;296.21;74.55;254.86;278.27
29.00;0.00;0.00;4.02;293.24;74.48;254.86;278.13
30.00;0.00;3.51;4.03;294.50;74.41;254.88;278.06
31.00;0.00;3.69;4.03;292.34;74.34;254.86;278.06
32.00;0.00;3.77;4.02;293.26;74.20;254.86;278.13
33.00;0.00;3.80;4.02;292.55;74.13;255.01;278.13
34.00;0.00;3.79;4.01;294.78;74.06;254.94;278.20
35.00;0.00;3.83;4.00;292.31;74.06;254.86;277.98
36.00;0.00;3.83;4.03;291.31;74.13;254.86;278.13
37.00;0.00;3.85;4.03;290.28;74.06;254.79;278.13
38.00;0.00;3.87;4.03;292.79;74.06;254.88;278.27
39.00;0.00;3.88;4.03;295.30;74.06;254.86;278.34
40.00;0.00;3.89;4.02;296.18;74.13;254.87;278.34
41.00;0.00;3.90;4.04;294.64;74.13;254.88;278.34
42.00;0.00;3.92;4.02;293.86;74.20;254.86;278.34
43.00;0.00;3.93;4.03;289.80;74.27;254.80;278.27
44.00;0.00;3.94;4.01;290.50;74.20;254.88;278.34
45.00;0.00;3.95;4.02;295.96;74.13;254.81;278.56
46.00;0.00;3.94;4.00;296.73;74.13;254.80;278.48
47.00;0.00;3.94;4.03;293.27;74.20;254.81;278.41
48.00;0.00;3.94;4.03;287.98;74.20;254.75;278.27
49.00;0.00;3.97;4.03;291.52;74.27;254.75;278.56
50.00;0.00;3.97;4.04;295.90;74.27;254.74;278.63
51.00;0.00;3.97;4.02;295.51;74.27;254.68;278.56
52.00;0.00;3.98;4.03;296.63;74.20;254.76;278.63
53.00;0.00;3.98;4.02;293.48;74.06;254.68;278.56
54.00;0.00;3.99;4.01;290.01;73.99;254.75;278.63
55.00;0.00;3.98;4.00;289.34;74.06;254.76;278.63
56.00;0.00;3.97;4.03;294.31;73.99;254.76;278.91
57.00;0.00;3.98;4.04;298.42;74.06;254.68;279.06
58.00;0.00;3.98;4.02;294.11;74.06;254.68;278.84
59.00;0.00;3.99;4.03;290.37;74.06;254.54;278.84
60.00;0.00;3.99;4.03;291.04;73.99;254.47;279.06
61.00;0.00;3.99;4.02;297.37;73.99;254.47;279.34
62.00;0.00;3.99;4.02;298.71;73.99;254.47;279.49
63.00;0.00;3.99;4.03;298.83;74.06;254.40;279.49
64.00;0.00;3.99;4.01;295.72;74.06;253.97;279.63
65.00;0.00;3.99;4.02;287.00;74.06;254.11;279.56
66.00;0.00;3.99;4.01;293.11;74.13;254.11;280.06
67.00;0.00;3.98;4.02;293.10;74.13;253.97;280.20
68.00;0.00;3.99;4.01;300.63;74.06;253.97;280.77
69.00;0.00;4.00;4.02;301.07;74.06;253.75;280.84
70.00;0.00;3.99;4.02;295.14;74.06;253.61;280.92
71.00;0.00;3.99;4.03;282.09;73.99;253.54;280.56
72.00;0.00;3.99;4.03;289.26;73.92;253.54;281.20
73.00;0.00;4.00;4.05;292.83;73.92;253.40;281.56
74.00;0.00;3.99;4.04;298.34;73.92;253.40;281.99
75.00;0.00;3.99;4.01;289.47;73.99;253.11;281.49
76.00;0.00;3.99;4.04;293.43;73.99;253.18;281.92
77.00;0.00;4.00;4.04;294.93;74.06;253.11;282.20
78.00;0.00;4.00;4.04;291.90;73.99;253.04;282.13
79.00;0.00;3.99;4.02;286.15;73.99;253.04;282.92
80.00;0.00;4.00;4.02;287.86;73.99;253.18;285.21
81.00;0.00;3.99;4.03;286.19;73.99;253.33;286.64
82.00;0.00;3.99;4.02;291.45;73.99;253.38;287.71
83.00;0.00;4.00;4.03;291.78;73.99;253.47;288.57
84.00;0.00;4.00;4.01;289.92;73.99;253.47;289.14
85.00;0.00;4.00;4.01;292.76;73.99;253.54;289.78
86.00;0.00;4.00;4.02;293.12;73.99;253.54;290.00
87.00;0.00;3.99;4.02;293.38;74.06;253.61;290.21
88.00;0.00;4.00;4.02;283.86;74.06;253.54;290.21
89.00;0.00;4.00;4.00;283.29;74.13;253.68;290.43
90.00;0.00;4.00;4.02;282.53;74.20;253.68;290.57
91.00;0.00;3.99;4.02;285.23;74.20;253.83;290.86
92.00;0.00;3.99;4.03;288.46;74.27;253.83;291.00
93.00;0.00;4.00;4.02;288.63;74.20;253.82;291.07
94.00;0.00;4.00;4.02;289.44;74.20;253.83;291.29
95.00;0.00;3.99;4.04;285.48;74.06;253.90;291.29
96.00;0.00;4.00;4.03;286.55;73.99;253.97;291.36
97.00;0.00;4.00;4.03;287.61;73.85;253.90;291.43
98.00;0.00;4.01;4.04;288.14;73.78;253.90;291.43
99.00;0.00;4.00;4.03;286.81;73.78;253.97;291.50
100.00;0.00;3.99;4.03;287.41;73.78;253.97;291.64
101.00;0.00;0.01;4.04;290.37;73.78;254.04;291.64
102.00;0.00;0.00;4.02;285.53;73.78;253.97;291.50
103.00;0.00;0.00;4.03;282.34;73.78;254.04;291.64
104.00;0.00;0.00;4.02;282.86;73.71;254.02;291.79
105.00;0.00;0.00;4.13;283.30;73.64;254.11;291.79
106.00;0.00;0.00;4.79;284.88;73.64;254.11;291.72
107.00;0.00;0.00;5.96;285.75;73.64;254.10;291.64
108.00;0.00;0.00;12.03;286.30;73.64;254.11;291.57
109.00;0.00;0.00;18.20;285.59;73.64;254.10;291.57
110.00;0.00;0.00;18.24;282.50;73.57;254.11;291.64
111.00;0.00;0.00;18.26;283.44;73.57;254.11;291.64
112.00;0.00;0.00;18.29;283.09;73.50;254.11;291.57
113.00;0.00;0.00;19.04;282.85;73.36;254.18;291.57
114.00;0.00;0.00;19.05;282.43;73.29;254.18;291.64
115.00;0.00;0.00;19.03;282.51;73.29;254.18;291.64
116.00;0.00;0.00;19.03;282.38;73.29;254.18;291.64
117.00;0.00;0.00;19.02;283.25;73.29;254.18;291.57
118.00;0.00;0.00;19.03;282.64;73.29;254.18;291.57
119.00;0.00;0.00;19.05;283.24;73.22;254.25;291.72
120.00;0.00;0.00;19.05;282.40;73.15;254.18;291.79
121.00;0.00;0.00;19.07;282.77;73.01;254.26;291.79
122.00;0.00;0.00;19.09;281.95;73.01;254.11;291.50
123.00;0.00;0.00;19.07;281.26;72.94;254.10;291.64
124.00;0.00;0.00;19.07;281.03;72.94;254.18;291.79
125.00;0.00;0.00;19.08;281.70;72.94;254.18;291.93
126.00;0.00;0.00;19.08;281.83;72.87;254.26;292.00
127.00;0.00;0.00;19.05;281.21;72.80;254.18;292.07
128.00;0.00;0.00;19.09;282.48;72.73;254.18;292.14
129.00;0.00;0.00;19.06;282.82;72.66;254.18;292.29
130.00;0.00;0.00;19.07;283.42;72.66;254.18;292.36
131.00;0.00;0.00;19.05;283.04;72.66;254.25;292.50
132.00;0.00;0.00;19.07;283.51;72.59;254.26;292.65
133.00;0.00;0.00;19.11;283.53;72.52;254.25;292.72
134.00;0.00;0.00;19.14;283.19;72.52;254.25;292.86
135.00;0.00;0.00;19.12;283.43;72.45;254.26;293.00
136.00;0.00;0.00;19.14;284.11;72.45;254.25;293.15
137.00;0.00;0.00;19.13;284.41;72.38;254.26;293.29
138.00;0.00;0.00;19.13;284.58;72.45;254.26;293.43
139.00;0.00;0.00;19.10;286.10;72.52;254.24;293.65
140.00;0.00;0.00;19.11;285.79;72.45;254.26;293.79
141.00;0.00;0.00;19.10;285.52;72.45;254.26;293.86
142.00;0.00;0.00;19.11;286.19;72.31;254.25;294.08
143.00;0.00;0.00;19.09;287.03;72.17;254.26;294.22
144.00;0.00;0.00;19.08;286.97;72.10;254.26;294.43
145.00;0.00;0.00;19.09;286.50;72.03;254.26;294.58
146.00;0.00;0.00;19.10;286.49;71.96;254.26;294.79
147.00;0.00;0.00;19.12;287.28;71.96;254.26;295.08
148.00;0.00;0.00;19.13;287.29;71.89;254.26;295.15
149.00;0.00;0.00;19.11;284.73;71.96;254.26;295.51
150.00;0.00;0.00;19.14;285.31;71.96;254.18;295.72
151.00;0.00;0.00;19.11;287.54;71.89;254.26;295.94
152.00;0.00;0.00;19.13;289.52;71.82;254.25;296.22
153.00;0.00;0.00;19.14;290.60;71.82;254.26;296.44
154.00;0.00;0.00;19.18;289.66;71.89;254.26;296.65
155.00;0.00;0.00;19.16;289.61;71.89;254.23;296.79
156.00;0.00;0.00;19.11;288.93;71.82;254.26;297.01
157.00;0.00;0.00;19.12;289.81;71.89;254.26;297.29
158.00;0.00;0.00;19.14;289.75;71.96;254.26;297.44
159.00;0.00;0.00;19.15;290.66;72.03;254.26;297.65
160.00;0.00;0.00;19.13;289.96;72.10;254.26;298.01
161.00;0.00;0.00;19.13;289.93;72.10;254.25;298.30
162.00;0.00;0.00;19.13;290.61;72.17;254.25;298.44
163.00;0.00;0.00;19.15;285.70;72.17;254.04;299.01
164.00;0.00;0.00;19.15;289.11;72.10;254.24;299.58
165.00;0.00;0.00;19.16;288.44;71.96;254.11;299.94
166.00;0.00;0.00;19.19;289.72;71.89;254.18;300.37
167.00;0.00;0.00;19.19;292.56;71.96;254.25;300.51
168.00;0.00;0.00;19.20;294.61;72.03;254.26;300.73
169.00;0.00;0.00;19.17;294.65;72.10;254.18;300.73
170.00;0.00;0.00;19.18;291.48;72.17;254.18;301.08
171.00;0.00;0.00;19.16;290.28;72.17;254.11;301.66
172.00;0.00;0.00;19.17;287.24;72.17;254.11;302.16
173.00;0.00;0.00;19.17;290.55;72.10;254.18;302.59
174.00;0.00;0.00;19.15;292.76;72.03;254.17;302.73
175.00;0.00;0.00;19.16;294.36;72.03;254.17;303.02
176.00;0.00;0.00;19.19;293.22;72.03;254.11;303.16
177.00;0.00;0.00;19.14;296.94;72.03;254.18;303.52
178.00;0.00;0.00;19.19;292.82;72.10;254.02;303.80
179.00;0.00;0.00;19.20;289.90;72.17;254.03;304.30
180.00;0.00;0.00;19.16;294.96;72.31;254.18;304.80
181.00;0.00;0.00;19.18;299.58;72.31;254.18;305.16
182.00;0.00;0.00;19.15;294.45;72.31;254.04;305.52
183.00;0.00;0.00;19.14;292.00;72.38;253.88;305.66
184.00;0.00;0.00;19.18;294.94;72.52;254.10;306.16
185.00;0.00;0.00;19.18;297.55;72.52;254.08;306.38
186.00;0.00;0.00;19.21;297.71;72.59;254.09;306.59
187.00;0.00;0.00;19.19;291.66;72.52;253.87;307.02
188.00;0.00;0.00;19.17;292.81;72.52;254.04;307.23
189.00;0.00;0.00;19.21;295.73;72.38;254.08;307.59
190.00;0.00;0.00;19.16;299.59;72.38;254.09;307.81
191.00;0.00;0.00;19.16;301.85;72.38;254.08;307.81
192.00;0.00;0.00;19.19;292.54;72.45;253.61;308.24
193.00;0.00;0.00;19.19;291.81;72.45;253.96;308.95
194.00;0.00;0.00;19.18;293.92;72.45;253.95;309.17
195.00;0.00;0.00;19.17;296.99;72.38;253.93;309.45
196.00;0.00;0.00;19.15;298.22;72.31;253.81;309.45
197.00;0.00;0.00;19.15;298.43;72.24;253.94;309.88
198.00;0.00;0.00;19.16;296.53;72.24;253.81;310.10
199.00;0.00;0.00;19.16;293.47;72.31;253.72;310.31
200.00;0.00;0.00;19.18;291.18;72.24;253.74;310.60
201.00;0.00;0.00;19.17;295.24;72.17;253.86;311.03
202.00;0.00;0.00;19.15;299.74;72.03;253.96;311.24
203.00;0.00;0.00;19.14;300.51;71.96;253.80;311.38
204.00;0.00;0.00;19.13;295.69;71.89;253.65;312.03
205.00;0.00;0.00;19.13;295.02;71.82;253.65;312.17
206.00;0.00;0.00;19.17;297.01;71.82;253.65;312.45
207.00;0.00;0.00;19.18;298.42;71.75;253.79;313.17
208.00;0.00;0.00;19.18;300.04;71.62;253.79;313.24
209.00;0.00;0.00;19.15;298.98;71.40;253.58;313.38
210.00;0.00;0.00;19.12;293.38;71.25;253.58;313.45
211.00;0.00;0.00;19.16;295.96;71.18;253.72;313.96
212.00;0.00;0.00;19.16;298.54;71.04;253.65;314.03
213.00;0.00;0.00;19.17;299.16;70.97;253.65;314.66
214.00;0.00;0.00;19.16;302.22;70.90;253.72;315.02
215.00;0.00;0.00;19.19;301.75;70.83;253.58;315.10
216.00;0.00;0.00;19.19;299.13;70.76;253.58;315.29
217.00;0.00;0.00;19.18;292.91;70.76;253.08;315.84
218.00;0.00;0.00;19.21;295.99;70.69;253.50;316.33
219.00;0.00;0.00;19.23;302.56;70.62;253.65;316.61
220.00;0.00;0.00;19.20;299.29;70.48;253.43;316.63
221.00;0.00;0.00;19.24;295.71;70.34;253.36;317.10
222.00;0.00;0.00;19.21;294.87;70.27;253.36;317.11
223.00;0.00;0.00;19.19;292.85;70.20;253.36;317.45
224.00;0.00;0.00;19.20;300.93;70.13;253.58;318.09
225.00;0.00;0.00;19.22;302.64;70.15;253.43;318.43
226.00;0.00;0.00;19.23;301.56;70.13;253.29;318.29
227.00;0.00;0.00;19.25;298.53;70.06;253.22;318.64
228.00;0.00;0.00;19.18;293.90;70.06;253.22;318.99
229.00;0.00;0.00;19.19;297.88;70.06;253.36;319.27
230.00;0.00;0.00;19.19;302.92;70.08;253.29;319.62
231.00;0.00;0.00;19.20;295.90;70.06;253.22;319.83
232.00;0.00;0.00;19.19;298.18;70.06;253.22;320.05
233.00;0.00;0.00;19.19;295.92;70.13;253.00;320.39
234.00;0.00;0.00;19.20;294.91;70.20;253.15;321.02
235.00;0.00;0.00;19.21;303.73;70.22;253.36;321.67
236.00;0.00;0.00;19.17;304.03;70.27;253.15;321.59
237.00;0.00;0.00;19.18;298.29;70.27;252.72;321.44
238.00;0.00;0.00;19.20;297.19;70.34;253.08;322.00
239.00;0.00;0.00;19.16;292.73;70.34;252.50;322.14
240.00;0.00;0.00;19.19;298.21;70.41;253.15;322.84
241.00;0.00;0.00;19.18;303.87;70.55;253.15;323.12
242.00;0.00;0.00;19.19;298.74;70.69;252.79;323.33
243.00;0.00;0.00;19.20;302.45;70.90;253.00;323.61
244.00;0.00;0.00;19.18;298.15;71.11;252.65;323.75
245.00;0.00;0.00;19.23;295.42;71.40;252.79;324.24
246.00;0.00;0.00;19.23;300.18;71.47;253.00;324.59
247.00;0.00;0.00;19.24;304.01;71.47;252.93;325.01
248.00;0.00;0.00;19.23;302.84;71.40;252.86;325.08
249.00;0.00;0.00;19.22;297.62;71.33;252.57;325.50
250.00;0.00;0.00;19.22;296.61;71.33;252.72;325.71
251.00;0.00;0.00;19.20;298.58;71.47;252.79;326.13
252.00;0.00;0.00;19.21;301.53;71.61;252.50;326.06
253.00;0.00;0.00;19.21;297.23;71.75;252.50;326.20
254.00;0.00;0.00;19.27;295.47;71.83;252.43;326.06
255.00;0.00;0.00;19.22;300.66;71.89;252.72;326.62
256.00;0.00;0.00;19.24;303.58;72.03;252.72;326.97
257.00;0.00;0.00;19.23;298.61;72.17;252.36;327.04
258.00;0.00;0.00;19.25;300.94;72.17;252.57;327.67
259.00;0.00;0.00;19.26;299.46;72.17;252.57;328.16
260.00;0.00;0.00;19.23;299.18;72.24;252.43;328.37
261.00;0.00;0.00;19.24;300.61;72.38;252.50;328.31
262.00;0.00;0.00;19.21;296.88;72.52;252.36;328.86
263.00;0.00;0.00;19.24;297.00;72.66;252.43;329.00
264.00;0.00;0.00;19.21;298.77;72.81;252.36;329.35
265.00;0.00;0.00;19.22;299.59;73.01;252.43;329.70
266.00;0.00;0.00;19.24;298.29;73.08;252.22;329.77
267.00;0.00;0.00;19.25;296.88;73.15;252.22;330.05
268.00;0.00;0.00;19.23;299.02;73.08;252.36;330.54
269.00;0.00;0.00;19.23;299.27;73.08;252.29;330.75
270.00;0.00;0.00;19.19;295.15;73.01;252.00;330.89
271.00;0.00;0.00;19.19;298.25;73.08;252.29;331.24
272.00;0.00;0.00;19.23;299.79;73.22;252.29;331.68
273.00;0.00;0.00;19.24;300.13;73.36;252.15;331.73
274.00;0.00;0.00;19.22;295.88;73.50;252.00;332.17
275.00;0.00;0.00;19.17;294.42;73.57;252.07;332.65
276.00;0.00;0.00;19.18;298.75;73.64;252.15;332.94
277.00;0.00;0.00;19.21;296.94;73.64;251.93;332.99
278.00;0.00;0.00;19.24;295.88;73.64;251.93;333.37
279.00;0.00;0.00;19.26;299.29;73.78;251.93;333.56
280.00;0.00;0.00;19.24;293.48;73.85;251.57;334.14
281.00;0.00;0.00;19.26;297.43;73.99;252.00;334.27
282.00;0.00;0.00;19.22;299.72;73.99;251.86;334.55
283.00;0.00;0.00;19.26;296.01;73.85;251.72;334.89
284.00;0.00;0.00;19.24;300.28;73.78;252.00;335.31
285.00;0.00;0.00;19.25;294.69;73.78;251.43;335.53
286.00;0.00;0.00;19.24;293.85;73.71;251.72;335.61
287.00;0.00;0.00;19.19;298.58;73.78;251.86;335.75
288.00;0.00;0.00;19.21;301.82;73.85;251.86;336.03
289.00;0.00;0.00;19.20;293.84;73.78;251.00;336.09
290.00;0.00;0.00;19.22;293.32;73.71;251.57;336.57
291.00;0.00;0.00;19.27;296.88;73.64;251.64;336.85
292.00;0.00;0.00;19.23;300.19;73.71;251.72;337.05
293.00;0.00;0.00;19.28;296.80;73.64;251.43;337.20
294.00;0.00;0.00;19.21;295.53;73.64;251.50;337.61
295.00;0.00;0.00;19.25;293.11;73.71;251.22;337.99
296.00;0.00;0.00;19.23;295.29;73.78;251.50;338.24
297.00;0.00;0.00;19.22;293.18;73.85;251.14;338.52
298.00;0.00;0.00;19.25;293.94;73.92;251.43;338.73
299.00;0.00;0.00;19.23;299.72;73.92;251.50;339.22
300.00;0.00;0.00;19.25;300.46;73.92;251.36;339.38
301.00;0.00;0.00;19.25;291.24;73.85;250.64;338.88
302.00;0.00;0.00;19.27;295.65;73.92;251.14;339.64
303.00;0.00;0.00;19.27;297.06;73.92;251.29;339.92
304.00;0.00;0.00;19.27;298.57;73.85;251.22;340.20
305.00;0.00;0.00;19.25;294.16;73.78;250.64;340.34
306.00;0.00;0.00;19.25;288.29;73.78;250.86;340.62
307.00;0.00;0.00;19.24;293.46;73.85;251.22;341.26
308.00;0.00;0.00;19.24;297.13;73.78;251.22;341.46
309.00;0.00;0.00;19.25;297.16;73.78;251.00;341.67
310.00;0.00;0.00;19.24;293.14;73.78;250.79;342.02
311.00;0.00;0.00;19.23;293.72;73.85;251.00;342.16
312.00;0.00;0.00;19.26;291.57;73.99;250.57;342.51
313.00;0.00;0.00;19.26;290.58;73.99;250.86;342.86
314.00;0.00;0.00;19.25;294.50;74.06;250.86;343.28
315.00;0.00;0.00;19.26;297.69;73.99;251.00;343.63
316.00;0.00;0.00;19.31;291.26;73.92;250.50;343.84
317.00;0.00;0.00;19.29;294.34;73.92;250.86;344.05
318.00;0.00;0.00;19.26;297.33;73.99;250.93;344.33
319.00;0.00;0.00;19.22;295.62;74.06;250.64;344.54
320.00;0.00;0.00;19.25;288.96;74.20;250.43;344.82
321.00;0.00;0.00;19.21;293.29;74.20;250.64;345.38
322.00;0.00;0.00;19.28;294.92;74.20;250.57;345.38
323.00;0.00;0.00;19.27;296.41;74.06;250.64;345.59
324.00;0.00;0.00;19.28;295.87;74.06;250.43;345.87
325.00;0.00;0.00;19.29;293.73;73.99;250.36;346.22
326.00;0.00;0.00;19.30;289.10;73.92;250.07;346.22
327.00;0.00;0.00;19.23;292.27;73.92;250.36;345.59
328.00;0.00;0.00;19.23;293.15;73.85;250.21;346.29
329.00;0.00;0.00;19.24;296.34;73.78;250.43;346.99
330.00;0.00;0.00;19.28;290.03;73.78;249.93;347.41
331.00;0.00;0.00;19.26;287.80;73.78;249.93;347.83
332.00;0.00;0.00;19.29;291.01;73.71;250.29;348.32
333.00;0.00;0.00;19.28;295.17;73.71;250.36;348.74
334.00;0.00;0.00;19.25;294.77;73.64;250.07;348.81
335.00;0.00;0.00;19.26;295.29;73.71;250.21;349.02
336.00;0.00;0.00;19.25;294.04;73.78;250.00;349.16
337.00;0.00;0.00;19.28;288.86;73.85;249.86;349.58
338.00;0.00;0.00;19.28;290.07;73.99;250.00;350.00
339.00;0.00;0.00;19.26;293.21;74.06;250.07;350.49
340.00;0.00;0.00;19.29;295.37;74.06;250.00;350.63
341.00;0.00;0.00;19.26;295.46;74.06;249.93;350.63
342.00;0.00;0.00;19.27;292.88;74.13;249.78;350.91
343.00;0.00;0.00;19.25;289.46;74.13;249.64;351.05
344.00;0.00;0.00;19.28;289.43;73.92;249.64;351.26
345.00;0.00;0.00;19.30;291.31;73.78;249.78;351.40
346.00;0.00;0.00;19.29;295.14;73.64;249.93;352.10
347.00;0.00;0.00;19.30;295.05;73.64;249.71;352.45
348.00;0.00;0.00;19.28;294.10;73.57;249.64;352.73
349.00;0.00;0.00;19.25;289.99;73.57;249.28;352.94
350.00;0.00;0.00;19.27;289.37;73.57;249.50;353.22
351.00;0.00;0.00;19.25;288.88;73.57;249.36;353.36
352.00;0.00;0.00;19.26;289.00;73.57;249.43;353.50
353.00;0.00;0.00;19.27;292.49;73.57;249.57;353.92
354.00;0.00;0.00;19.29;294.24;73.57;249.50;354.20
355.00;0.00;0.00;19.31;293.44;73.64;249.43;354.55
356.00;0.00;0.00;19.32;290.76;73.64;249.21;354.69
357.00;0.00;0.00;19.28;291.65;73.64;249.36;354.90
358.00;0.00;0.00;19.27;292.43;73.57;249.36;355.25
359.00;0.00;0.00;19.28;291.28;73.50;249.21;355.60
360.00;0.00;0.00;19.28;291.37;73.50;249.28;355.81
361.00;0.00;0.00;19.27;291.13;73.43;249.07;355.95
362.00;0.00;0.00;19.26;288.49;73.50;248.93;356.23
363.00;0.00;0.00;19.27;291.16;73.50;249.00;356.58
364.00;0.00;0.00;19.29;291.09;73.57;248.93;356.79
365.00;0.00;0.00;19.28;288.43;73.64;248.78;357.00
366.00;0.00;0.00;19.29;288.77;73.71;248.85;357.42
367.00;0.00;0.00;19.31;291.33;73.85;248.93;357.70
368.00;0.00;0.00;19.28;289.81;73.85;248.71;357.91
369.00;0.00;0.00;19.30;290.85;73.85;248.71;358.33
370.00;0.00;0.00;19.30;288.84;73.71;248.57;358.48
371.00;0.00;0.00;19.31;290.71;73.64;248.78;358.83
372.00;0.00;0.00;19.31;290.69;73.57;248.71;359.17
373.00;0.00;0.00;19.30;289.50;73.50;248.64;359.46
374.00;0.00;0.00;19.30;290.19;73.36;248.64;359.74
375.00;0.00;0.00;19.30;290.94;73.29;248.57;360.09
376.00;0.00;0.00;19.29;288.73;73.29;248.42;360.15
377.00;0.00;0.00;19.31;288.96;73.29;248.42;360.44
378.00;0.00;0.00;19.27;289.29;73.29;248.42;360.65
379.00;0.00;0.00;19.27;289.76;73.36;248.42;361.15
380.00;0.00;0.00;19.28;288.45;73.43;248.28;361.36
381.00;0.00;0.00;19.31;288.45;73.50;248.28;361.86
382.00;0.00;0.00;19.28;288.75;73.50;248.28;362.27
383.00;0.00;0.00;19.26;287.37;73.43;248.14;362.40
384.00;0.00;0.00;19.27;288.18;73.36;248.14;362.75
385.00;0.00;0.00;19.27;289.10;73.36;248.21;362.97
386.00;0.00;0.00;19.27;289.45;73.36;248.14;363.24
387.00;0.00;0.00;19.27;290.03;73.29;248.14;363.53
388.00;0.00;0.00;19.29;289.88;73.22;248.07;363.89
389.00;0.00;0.00;19.29;290.50;73.22;248.07;364.24
390.00;0.00;0.00;19.28;288.66;73.22;247.92;364.30
391.00;0.00;0.00;19.29;288.43;73.15;247.92;364.31
392.00;0.00;0.00;19.33;287.94;73.15;247.85;364.87
393.00;0.00;0.00;19.32;288.25;73.01;247.85;365.19
394.00;0.00;0.00;19.31;289.91;72.94;247.57;365.28
395.00;0.00;0.00;19.31;289.87;72.87;246.99;365.71
396.00;0.00;0.00;19.33;288.41;72.80;247.35;365.99
397.00;0.00;0.00;19.33;287.89;72.87;246.99;366.25
398.00;0.00;0.00;19.32;288.95;72.94;247.49;366.61
399.00;0.00;0.00;19.30;289.63;73.01;247.57;366.97
400.00;0.00;0.00;19.30;288.69;73.01;247.42;367.18
401.00;0.00;0.00;19.30;289.64;73.01;247.35;367.31
402.00;0.00;0.00;19.29;289.99;72.87;247.42;367.65
403.00;0.00;0.00;19.26;290.21;72.73;247.42;367.93
404.00;0.00;0.00;19.29;288.02;72.66;247.14;368.22
405.00;0.00;0.00;19.32;287.37;72.66;247.28;368.41
406.00;0.00;0.00;19.29;288.10;72.73;247.28;368.78
407.00;0.00;0.00;19.27;289.55;72.80;247.35;368.99
408.00;0.00;0.00;19.28;290.54;72.80;247.28;369.18
409.00;0.00;0.00;19.27;290.23;72.80;247.28;369.54
410.00;0.00;0.00;19.28;290.73;72.80;247.21;369.74
411.00;0.00;0.00;19.28;292.16;72.80;247.28;369.95
412.00;0.00;0.00;19.30;289.46;72.87;246.99;370.24
413.00;0.00;0.00;19.30;288.78;72.80;246.99;370.51
414.00;0.00;0.00;19.32;289.95;72.80;247.07;370.86
415.00;0.00;0.00;19.32;290.52;72.80;246.99;370.95
416.00;0.00;0.00;19.32;291.15;72.73;247.07;371.35
417.00;0.00;0.00;19.34;290.04;72.66;246.85;371.56
418.00;0.00;0.00;19.32;290.15;72.59;246.92;371.70
419.00;0.00;0.00;19.31;290.96;72.52;246.85;372.05
420.00;0.00;0.00;19.33;290.63;72.52;246.85;372.33
421.00;0.00;0.00;19.35;289.96;72.45;246.78;372.75
422.00;0.00;0.00;19.31;289.92;72.45;246.78;372.96
423.00;0.00;0.00;19.32;290.92;72.45;246.78;373.24
424.00;0.00;0.00;19.34;290.36;72.52;246.64;373.38
425.00;0.00;0.00;19.34;289.71;72.59;246.56;373.66
426.00;0.00;0.00;19.30;290.41;72.59;246.56;373.38
427.00;0.00;0.00;19.29;291.62;72.59;246.49;373.87
428.00;0.00;0.00;19.30;292.25;72.52;246.56;374.22
429.00;0.00;0.00;19.30;291.50;72.59;246.28;374.29
430.00;0.00;0.00;19.29;290.32;72.59;246.14;374.50
431.00;0.00;0.00;19.31;289.16;72.59;246.14;374.78
432.00;0.00;0.00;19.32;292.14;72.52;246.35;375.27
433.00;0.00;0.00;19.30;294.64;72.45;246.35;375.69
434.00;0.00;0.00;19.35;294.87;72.45;246.28;375.97
435.00;0.00;0.00;19.35;293.34;72.38;246.14;376.25
436.00;0.00;0.00;19.36;289.16;72.38;245.56;376.11
437.00;0.00;0.00;19.34;288.95;72.38;245.85;375.97
438.00;0.00;0.00;19.34;290.10;72.45;245.99;376.25
439.00;0.00;0.00;19.35;294.11;72.38;246.14;377.02
440.00;0.00;0.00;19.35;295.29;72.38;246.06;377.30
441.00;0.00;0.00;19.32;295.06;72.24;245.99;377.30
442.00;0.00;0.00;19.36;294.89;72.24;245.92;377.30
443.00;0.00;0.00;19.35;294.63;72.24;245.85;377.93
444.00;0.00;0.00;19.35;291.13;72.17;245.49;377.93
445.00;0.00;0.00;19.32;292.29;72.17;245.78;378.14
446.00;0.00;0.00;19.32;296.32;72.17;245.85;378.91
447.00;0.00;0.00;19.32;297.37;72.24;245.78;379.05
448.00;0.00;0.00;19.33;294.97;72.17;245.63;379.19
449.00;0.00;0.00;19.35;295.64;72.17;245.56;379.47
450.00;0.00;0.00;19.33;291.35;72.24;245.21;379.40
451.00;0.00;0.00;19.34;290.69;72.24;245.42;379.54
452.00;0.00;0.00;19.33;294.55;72.31;245.56;379.96
453.00;0.00;0.00;19.33;297.28;72.31;245.56;380.66
454.00;0.00;0.00;19.36;297.89;72.31;245.13;380.87
455.00;0.00;0.00;19.35;295.69;72.24;245.21;380.73
456.00;0.00;0.00;19.35;295.61;72.24;245.28;380.73
457.00;0.00;0.00;19.34;296.24;72.17;245.21;381.08
458.00;0.00;0.00;19.33;292.74;72.17;244.85;380.87
459.00;0.00;0.00;19.30;292.75;72.17;244.99;381.15
460.00;0.00;0.00;19.31;294.32;72.17;244.99;381.50
461.00;0.00;0.00;19.31;297.46;72.24;245.06;382.13
462.00;0.00;0.00;19.35;298.27;72.31;245.06;382.20
463.00;0.00;0.00;19.32;293.03;72.31;244.63;382.48
464.00;0.00;0.00;19.32;295.23;72.24;244.70;382.76
465.00;0.00;0.00;19.33;295.90;72.17;244.92;382.97
466.00;0.00;0.00;19.36;299.32;72.10;244.99;383.53
467.00;0.00;0.00;19.35;299.31;72.10;244.70;383.67
468.00;0.00;0.00;19.35;296.28;72.10;244.49;383.60
469.00;0.00;0.00;19.32;291.71;72.03;243.03;383.74
470.00;0.00;0.00;19.32;294.66;72.03;244.20;383.74
471.00;0.00;0.00;19.33;295.18;72.03;244.27;383.81
472.00;0.00;0.00;19.36;299.81;71.96;244.70;384.93
473.00;0.00;0.00;19.35;300.99;71.96;244.56;385.14
474.00;0.00;0.00;19.36;299.37;71.96;244.42;385.21
475.00;0.00;0.00;19.35;294.21;72.03;243.76;385.35
476.00;0.00;0.00;19.36;293.51;72.10;243.92;385.49
477.00;0.00;0.00;19.33;296.21;72.10;244.27;386.05
478.00;0.00;0.00;19.32;300.71;72.03;244.42;386.75
479.00;0.00;0.00;19.33;300.42;71.96;243.84;386.75
480.00;0.00;0.00;19.32;292.41;71.82;243.47;386.61
481.00;0.00;0.00;19.34;295.59;71.68;243.90;386.89
482.00;0.00;0.00;19.34;300.74;71.54;244.20;387.73
483.00;0.00;0.00;19.35;301.23;71.47;244.13;387.66
484.00;0.00;0.00;19.37;300.56;71.40;243.82;387.59
485.00;0.00;0.00;19.37;298.45;71.40;243.70;387.59
486.00;0.00;0.00;19.39;294.52;71.40;241.99;387.80
487.00;0.00;0.00;19.35;297.53;71.33;243.45;388.08
488.00;0.00;0.00;19.32;299.43;71.33;243.77;388.29
489.00;0.00;0.00;19.30;300.49;71.33;243.75;388.15
490.00;0.00;0.00;19.32;295.49;71.33;243.25;388.15
491.00;0.00;0.00;19.35;299.95;71.25;236.72;388.78
492.00;0.00;0.00;19.33;299.74;71.25;241.92;389.13
493.00;0.00;0.00;19.34;298.60;71.18;242.81;389.27
494.00;0.00;0.00;19.34;298.73;71.18;242.29;389.69
495.00;0.00;0.00;19.33;299.59;71.18;243.03;390.04
496.00;0.00;0.00;19.34;299.59;71.25;242.96;390.18
497.00;0.00;0.00;19.37;294.38;71.18;242.59;390.39
498.00;0.00;0.00;19.38;300.21;71.25;242.96;391.37
499.00;0.00;0.00;19.33;304.94;71.33;243.33;392.14
500.00;0.00;0.00;19.35;303.52;71.47;242.81;392.00
501.00;0.00;0.00;19.38;293.91;71.54;242.29;391.65
502.00;0.00;0.00;19.34;295.54;71.61;242.80;391.86
503.00;0.00;0.00;19.34;299.58;71.75;243.11;392.35
504.00;0.00;0.00;19.36;303.41;71.75;243.16;392.98
505.00;0.00;0.00;19.34;302.95;71.82;242.72;392.91
506.00;0.00;0.00;19.31;297.74;71.82;242.58;392.84
507.00;0.00;0.00;19.31;297.37;71.75;242.15;393.12
508.00;0.00;0.00;19.33;299.93;71.75;242.80;393.82
509.00;0.00;0.00;19.35;300.45;71.68;242.66;393.54
510.00;0.00;0.00;19.34;300.18;71.68;242.35;393.68
511.00;0.00;0.00;19.34;293.05;71.68;241.64;393.19
512.00;0.00;0.00;19.35;292.15;71.61;241.78;393.33
513.00;0.00;0.00;19.36;294.89;71.68;242.06;393.89
514.00;0.00;0.00;19.35;301.21;71.75;242.59;395.15
515.00;0.00;0.00;19.36;305.99;71.89;242.74;396.13
516.00;0.00;0.00;19.36;306.20;71.96;242.36;396.06
517.00;0.00;0.00;19.37;302.43;72.10;241.64;395.71
518.00;0.00;0.00;19.37;298.40;72.17;241.64;395.71
519.00;0.00;0.00;19.37;295.41;72.17;241.64;395.64
520.00;0.00;0.00;19.37;296.54;72.17;241.93;395.99
521.00;0.00;0.00;19.36;301.25;72.17;242.23;396.69
522.00;0.00;0.00;19.37;298.49;72.17;241.76;396.34
523.00;0.00;0.00;19.37;296.07;72.24;241.71;396.48
524.00;0.00;0.00;19.37;299.74;72.24;241.91;396.90
525.00;0.00;0.00;19.35;302.57;72.38;242.01;397.18
526.00;0.00;0.00;19.34;298.51;72.38;241.49;396.97
527.00;0.00;0.00;19.31;300.01;72.45;241.79;397.46
528.00;0.00;0.00;19.33;300.94;72.45;241.42;397.74
529.00;0.00;0.00;19.32;300.72;72.59;241.71;398.02
530.00;0.00;0.00;19.33;299.51;72.73;241.42;398.02
531.00;0.00;0.00;19.35;297.34;72.87;241.20;398.02
532.00;0.00;0.00;19.35;296.28;72.94;241.05;398.09
533.00;0.00;0.00;19.38;295.44;73.01;240.54;398.23
534.00;0.00;0.00;19.38;296.14;73.08;240.91;398.51
535.00;0.00;0.00;19.38;296.47;73.08;241.27;398.79
536.00;0.00;0.00;19.33;302.07;73.08;241.57;399.84
537.00;0.00;0.00;19.32;295.90;73.15;240.10;399.42
538.00;0.00;0.00;19.33;297.65;73.22;239.37;400.05
539.00;0.00;0.00;19.33;299.24;73.29;240.54;400.41
540.00;0.00;0.00;19.35;301.54;73.29;241.05;400.82
541.00;0.00;0.00;19.36;300.68;73.36;240.91;400.84
542.00;0.00;0.00;19.37;294.77;73.36;240.32;400.61
543.00;0.00;0.00;19.35;294.83;73.43;240.69;400.49
544.00;0.00;0.00;19.38;297.61;73.43;239.15;400.84
545.00;0.00;0.00;19.33;299.06;73.43;240.47;401.14
546.00;0.00;0.00;19.33;296.13;73.43;239.51;401.54
547.00;0.00;0.00;19.34;289.52;73.50;238.41;400.91
548.00;0.00;0.00;19.35;295.34;73.64;239.95;401.74
549.00;0.00;0.00;19.34;300.80;73.71;240.54;402.92
550.00;0.00;0.00;19.36;302.42;73.71;240.47;403.28
551.00;0.00;0.00;19.39;299.07;73.71;239.88;403.29
552.00;0.00;0.00;19.35;300.72;73.64;240.32;403.56
553.00;0.00;0.00;19.38;296.92;73.64;239.66;403.38
554.00;0.00;0.00;19.38;288.93;73.64;239.22;403.23
555.00;0.00;0.00;19.35;295.73;73.71;239.88;403.91
556.00;0.00;0.00;19.32;296.96;73.78;239.81;403.99
557.00;0.00;0.00;19.32;298.27;73.78;240.17;404.46
558.00;0.00;0.00;19.33;301.39;73.78;240.32;404.98
559.00;0.00;0.00;19.34;298.77;73.78;239.44;404.82
560.00;0.00;0.00;19.35;290.66;73.92;239.00;404.77
561.00;0.00;0.00;19.36;293.18;74.06;239.44;405.26
562.00;0.00;0.00;19.36;294.98;74.20;239.81;405.27
563.00;0.00;0.00;19.36;298.44;74.20;239.95;405.74
564.00;0.00;0.00;19.37;298.72;74.13;239.51;405.96
565.00;0.00;0.00;19.40;297.92;73.99;239.81;406.04
566.00;0.00;0.00;19.40;299.12;73.92;239.73;406.11
567.00;0.00;0.00;19.37;301.42;73.85;239.66;406.66
568.00;0.00;0.00;19.35;290.40;73.78;238.12;405.62
569.00;0.00;0.00;19.36;292.04;73.85;238.63;406.25
570.00;0.00;0.00;19.35;294.69;73.99;239.15;406.53
571.00;0.00;0.00;19.36;295.98;74.06;239.37;406.74
572.00;0.00;0.00;19.34;299.06;74.06;239.59;407.51
573.00;0.00;0.00;19.37;300.56;74.13;239.51;407.86
574.00;0.00;0.00;19.38;296.84;74.13;238.78;407.51
575.00;0.00;0.00;19.36;295.74;74.20;239.15;407.65
576.00;0.00;0.00;19.36;294.57;74.27;239.07;407.58
577.00;0.00;0.00;19.35;299.05;74.34;239.29;408.42
578.00;0.00;0.00;19.34;296.68;74.34;238.93;408.56
579.00;0.00;0.00;19.36;296.56;74.34;237.46;407.93
580.00;0.00;0.00;19.36;293.22;74.34;238.05;406.04
581.00;0.00;0.00;19.34;293.56;74.34;238.27;406.11
582.00;0.00;0.00;19.33;298.20;74.27;238.85;408.21
583.00;0.00;0.00;19.34;295.04;74.27;238.34;408.56
584.00;0.00;0.00;19.33;295.38;74.34;238.56;409.33
585.00;0.00;0.00;19.33;292.31;74.41;238.12;409.33
586.00;0.00;0.00;19.36;291.94;74.55;238.56;409.82
587.00;0.00;0.00;19.34;294.15;74.62;238.71;410.59
588.00;0.00;0.00;19.37;298.19;74.55;238.78;411.36
589.00;0.00;0.00;19.37;296.29;74.48;238.49;411.08
590.00;0.00;0.00;19.37;294.57;74.41;238.19;411.01
591.00;0.00;0.00;19.39;295.26;74.34;237.68;411.08
592.00;0.00;0.00;19.37;291.00;74.27;237.83;411.08
593.00;0.00;0.00;19.36;291.46;74.20;238.05;411.50
594.00;0.00;0.00;19.34;292.11;74.20;237.90;411.57
595.00;0.00;0.00;19.34;296.96;74.20;238.34;412.41
596.00;0.00;0.00;19.37;297.97;74.34;238.27;412.48
597.00;0.00;0.00;19.34;296.61;74.41;238.05;412.41
598.00;0.00;0.00;19.32;296.03;74.41;238.12;412.62
599.00;0.00;0.00;19.33;294.63;74.34;237.90;412.69
600.00;0.00;0.00;19.34;292.83;74.34;237.90;413.11
601.00;0.00;0.00;19.36;296.99;74.27;237.97;413.53
602.00;0.00;0.00;19.36;296.10;74.20;237.90;413.39
603.00;0.00;0.00;19.39;296.81;74.20;237.75;413.81
604.00;0.00;0.00;19.37;293.32;74.27;237.25;413.60
605.00;0.00;0.00;19.35;290.36;74.41;237.11;413.88
606.00;0.00;0.00;19.36;293.57;74.48;237.34;414.23
607.00;0.00;0.00;19.37;297.50;74.55;237.70;415.00
608.00;0.00;0.00;19.40;296.44;74.55;237.47;414.86
609.00;0.00;0.00;19.38;296.44;74.62;237.57;414.93
610.00;0.00;0.00;19.39;294.46;74.69;237.39;414.79
611.00;0.00;0.00;19.38;294.94;74.69;237.50;414.86
612.00;0.00;0.00;19.38;294.18;74.62;237.47;415.07
613.00;0.00;0.00;19.36;294.28;74.48;237.50;415.14
614.00;0.00;0.00;19.37;295.30;74.41;237.13;415.42
615.00;0.00;0.00;19.35;296.54;74.34;236.84;415.73
616.00;0.00;0.00;19.35;292.98;74.20;236.53;415.98
617.00;0.00;0.00;19.37;294.07;74.20;236.62;416.28
618.00;0.00;0.00;19.36;297.63;74.20;237.13;416.75
619.00;0.00;0.00;19.37;296.35;74.20;236.91;416.76
620.00;0.00;0.00;19.38;292.84;74.20;236.76;416.90
621.00;0.00;0.00;19.38;294.59;74.20;236.62;417.18
622.00;0.00;0.00;19.37;294.30;74.27;236.76;417.31
623.00;0.00;0.00;19.38;295.13;74.27;236.76;417.46
624.00;0.00;0.00;19.35;294.25;74.34;236.69;417.31
625.00;0.00;0.00;19.35;296.38;74.41;236.91;417.81
626.00;0.00;0.00;19.36;296.38;74.34;236.69;418.24
627.00;0.00;0.00;19.36;291.37;74.34;236.17;418.29
628.00;0.00;0.00;19.36;290.67;74.27;236.25;418.43
629.00;0.00;0.00;19.35;294.57;74.27;236.62;418.87
630.00;0.00;0.00;19.36;296.28;74.20;236.69;419.36
631.00;0.00;0.00;19.37;295.88;74.13;236.25;419.14
632.00;0.00;0.00;19.34;295.23;74.13;236.54;418.52
633.00;0.00;0.00;19.36;294.11;74.20;236.47;418.57
634.00;0.00;0.00;19.36;293.95;74.27;236.17;419.22
635.00;0.00;0.00;19.32;292.89;74.27;236.10;419.63
636.00;0.00;0.00;19.32;288.13;74.41;235.44;419.42
637.00;0.00;0.00;19.34;291.03;74.48;234.78;419.90
638.00;0.00;0.00;19.34;295.31;74.55;235.88;420.89
639.00;0.00;0.00;19.33;296.39;74.55;235.95;421.18
640.00;0.00;0.00;19.36;294.25;74.55;235.73;420.81
641.00;0.00;0.00;19.35;295.05;74.55;235.95;421.09
642.00;0.00;0.00;19.34;298.10;74.62;236.17;421.86
643.00;0.00;0.00;19.36;294.74;74.55;235.88;421.53
644.00;0.00;0.00;19.35;294.57;74.55;235.66;421.44
645.00;0.00;0.00;19.36;295.15;74.48;235.81;421.89
646.00;0.00;0.00;19.37;294.83;74.34;235.29;421.87
647.00;0.00;0.00;19.35;290.28;74.13;235.44;422.03
648.00;0.00;0.00;19.32;291.52;74.04;234.78;422.00
649.00;0.00;0.00;19.31;294.99;73.99;235.07;422.66
650.00;0.00;0.00;19.34;296.40;73.92;235.15;423.15
651.00;0.00;0.00;19.34;293.65;73.85;235.07;422.98
652.00;0.00;0.00;19.31;294.99;73.85;235.29;423.43
653.00;0.00;0.00;19.33;297.42;73.92;235.44;423.98
654.00;0.00;0.00;19.36;297.03;73.99;235.29;424.13
655.00;0.00;0.00;19.38;291.53;74.06;234.85;423.98
656.00;0.00;0.00;19.34;291.81;74.06;234.93;424.06
657.00;0.00;0.00;19.36;294.87;74.13;234.85;424.48
658.00;0.00;0.00;19.37;294.82;74.06;234.85;424.41
659.00;0.00;0.00;19.35;295.12;74.06;234.93;424.54
660.00;0.00;0.00;19.32;295.61;74.06;235.07;424.97
661.00;0.00;0.00;19.31;298.36;74.06;235.22;425.30
662.00;0.00;0.00;19.33;294.63;73.99;234.19;425.18
663.00;0.00;0.00;19.35;292.07;74.06;234.41;425.25
664.00;0.00;0.00;19.30;293.40;74.13;234.71;425.36
665.00;0.00;0.00;19.37;292.67;74.20;234.63;425.51
666.00;0.00;0.00;19.34;295.35;74.20;234.93;425.95
667.00;0.00;0.00;19.34;296.09;74.06;234.78;426.23
668.00;0.00;0.00;19.38;296.40;73.92;234.85;426.51
669.00;0.00;0.00;19.35;293.80;73.85;234.27;426.44
670.00;0.00;0.00;19.35;293.81;73.78;234.41;426.65
671.00;0.00;0.00;19.35;297.29;73.71;234.78;427.28
672.00;0.00;0.00;19.34;294.79;73.64;234.49;427.14
673.00;0.00;0.00;19.34;296.33;73.50;234.63;427.21
674.00;0.00;0.00;19.33;294.90;73.50;234.49;427.48
675.00;0.00;0.00;19.31;296.56;73.43;234.63;427.70
676.00;0.00;0.00;19.32;295.27;73.42;234.41;428.10
677.00;0.00;0.00;19.32;294.31;73.43;234.27;427.89
678.00;0.00;0.00;19.33;296.09;73.41;234.34;427.98
679.00;0.00;0.00;19.32;293.34;73.49;234.05;428.12
680.00;0.00;0.00;19.34;292.32;73.57;234.05;427.84
681.00;0.00;0.00;19.34;292.75;73.57;234.12;427.83
682.00;0.00;0.00;19.34;295.03;73.57;234.27;428.46
683.00;0.00;0.00;19.36;296.86;73.50;234.41;429.10
684.00;0.00;0.00;19.34;299.01;73.56;234.27;429.65
685.00;0.00;0.00;19.33;295.12;73.55;233.90;429.30
686.00;0.00;0.00;19.35;292.69;73.57;233.75;429.38
687.00;0.00;0.00;19.33;293.41;73.56;233.90;429.45
688.00;0.00;0.00;19.31;293.31;73.71;233.97;430.14
689.00;0.00;0.00;19.32;296.21;73.78;233.83;430.49
690.00;0.00;0.00;19.30;297.11;73.85;233.98;430.63
691.00;0.00;0.00;19.30;293.63;73.83;233.61;430.49
692.00;0.00;0.00;19.33;295.83;73.85;233.68;430.83
693.00;0.00;0.00;19.35;291.79;73.71;233.39;430.90
694.00;0.00;0.00;19.35;291.43;73.64;233.61;430.83
695.00;0.00;0.00;19.36;294.96;73.50;233.90;431.86
696.00;0.00;0.00;19.35;296.02;73.43;233.61;431.94
697.00;0.00;0.00;19.33;295.82;73.43;233.55;432.01
698.00;0.00;0.00;19.31;296.56;73.36;233.68;432.29
699.00;0.00;0.00;19.33;296.31;73.36;233.46;432.36
700.00;0.00;0.00;19.34;292.39;73.29;233.03;432.15
701.00;0.00;0.00;19.35;293.45;73.36;232.80;431.80
702.00;0.00;0.00;19.34;287.52;73.36;232.29;431.25
703.00;0.00;0.00;19.34;291.60;73.41;232.58;432.22
704.00;0.00;0.00;19.34;295.73;73.42;233.18;433.53
705.00;0.00;0.00;19.34;296.09;73.50;232.82;433.53
706.00;0.00;0.00;19.31;294.84;73.57;233.03;433.81
707.00;0.00;0.00;19.31;292.75;73.64;232.58;433.73
708.00;0.00;0.00;19.32;294.49;73.64;232.95;433.80
709.00;0.00;0.00;19.35;298.31;73.63;233.17;434.64
710.00;0.00;0.00;19.33;296.63;73.49;232.88;434.43
711.00;0.00;0.00;19.36;294.25;73.36;232.59;434.09
712.00;0.00;0.00;19.36;290.33;73.29;230.83;434.22
713.00;0.00;0.00;19.34;294.57;73.34;232.36;434.64
714.00;0.00;0.00;19.33;298.08;73.29;232.73;435.19
715.00;0.00;0.00;19.29;298.32;73.36;232.73;435.47
716.00;0.00;0.00;19.31;295.26;73.36;232.22;435.26
717.00;0.00;0.00;19.32;295.17;73.36;232.36;435.19
718.00;0.00;0.00;19.34;294.20;73.29;232.39;435.12
719.00;0.00;0.00;19.33;296.65;73.22;232.51;435.40
720.00;0.00;0.00;19.31;298.09;73.22;232.43;435.75
721.00;0.00;0.00;19.36;296.23;73.15;232.14;435.61
722.00;0.00;0.00;19.32;295.91;73.15;232.29;435.54
723.00;0.00;0.00;19.31;295.17;73.28;232.00;435.26
724.00;0.00;0.00;19.32;295.21;73.36;232.07;435.06
725.00;0.00;0.00;19.35;294.81;73.43;231.65;435.41
726.00;0.00;0.00;19.31;292.47;73.43;231.85;435.26
727.00;0.00;0.00;19.35;297.02;73.43;232.21;436.45
728.00;0.00;0.00;19.36;299.02;73.50;232.14;437.20
729.00;0.00;0.00;19.34;298.51;73.50;232.07;437.48
730.00;0.00;0.00;19.32;293.55;73.49;231.70;437.50
731.00;0.00;0.00;19.32;296.47;73.48;232.07;438.05
732.00;0.00;0.00;19.31;297.27;73.43;231.63;437.96
733.00;0.00;0.00;19.33;292.92;73.43;231.41;437.96
734.00;0.00;0.00;19.32;294.09;73.42;231.65;438.17
735.00;0.00;0.00;19.37;295.43;73.36;231.80;438.45
736.00;0.00;0.00;19.33;297.22;73.33;231.85;438.79
737.00;0.00;0.00;19.36;295.16;73.27;231.41;438.74
738.00;0.00;0.00;19.31;295.23;73.22;231.57;438.81
739.00;0.00;0.00;19.29;295.89;73.22;231.41;439.00
740.00;0.00;0.00;19.28;297.67;73.22;231.73;439.56
741.00;0.00;0.00;19.29;294.69;73.20;230.98;439.57
742.00;0.00;0.00;19.31;296.48;73.29;231.26;439.69
743.00;0.00;0.00;19.32;294.61;73.28;231.06;439.42
744.00;0.00;0.00;19.30;297.08;73.35;231.11;439.28
745.00;0.00;0.00;19.31;298.07;73.39;231.33;439.83
746.00;0.00;0.00;19.35;295.92;73.55;231.13;439.99
747.00;0.00;0.00;19.33;291.63;73.57;230.69;439.56
748.00;0.00;0.00;19.32;294.30;73.48;228.86;439.42
749.00;0.00;0.00;19.34;295.90;73.43;230.60;440.39
750.00;0.00;0.00;19.31;295.38;73.35;230.82;440.87
751.00;0.00;0.00;19.32;295.66;73.26;230.89;441.02
752.00;0.00;0.00;19.30;296.00;73.28;231.04;441.49
753.00;0.00;0.00;19.30;295.14;73.28;230.26;441.23
754.00;0.00;0.00;19.29;296.55;73.34;230.83;442.14
755.00;0.00;0.00;19.30;298.15;73.36;230.98;442.19
756.00;0.00;0.00;19.29;292.47;73.36;230.16;442.05
757.00;0.00;0.00;19.31;293.80;73.27;230.68;442.05
758.00;0.00;0.00;19.31;295.44;73.27;230.75;442.39
759.00;0.00;0.00;19.31;297.10;73.29;230.84;442.75
760.00;0.00;0.00;19.33;293.87;73.15;230.34;442.81
761.00;0.00;0.00;19.32;296.78;73.08;230.75;443.17
762.00;0.00;0.00;19.30;297.32;72.94;230.68;443.57
763.00;0.00;0.00;19.29;297.42;72.94;230.53;443.64
764.00;0.00;0.00;19.32;298.11;72.94;230.46;443.92
765.00;0.00;0.00;19.34;298.75;72.93;230.60;444.12
766.00;0.00;0.00;19.34;294.28;72.94;228.47;443.29
767.00;0.00;0.00;19.32;292.46;72.94;229.58;442.53
768.00;0.00;0.00;19.33;295.05;72.94;229.94;443.10
769.00;0.00;0.00;19.33;296.11;72.92;229.87;443.73
770.00;0.00;0.00;19.34;298.79;72.93;230.26;444.50
771.00;0.00;0.00;19.33;297.45;72.94;229.81;444.62
772.00;0.00;0.00;19.31;294.92;72.94;228.65;444.75
773.00;0.00;0.00;19.30;293.21;72.94;229.36;444.78
774.00;0.00;0.00;19.29;294.63;73.08;229.74;445.24
775.00;0.00;0.00;19.26;296.93;73.01;230.01;445.80
776.00;0.00;0.00;19.28;293.71;73.01;229.80;446.08
777.00;0.00;0.00;19.31;295.69;73.01;229.43;446.37
778.00;0.00;0.00;19.28;296.42;73.08;229.65;446.42
779.00;0.00;0.00;19.29;297.25;73.08;229.87;446.56
780.00;0.00;0.00;19.28;292.60;73.15;228.93;446.36
781.00;0.00;0.00;19.30;292.53;73.22;229.22;446.44
782.00;0.00;0.00;19.31;295.74;73.22;229.65;446.84
783.00;0.00;0.00;19.29;297.01;73.22;229.74;446.92
784.00;0.00;0.00;19.31;294.62;73.22;229.35;446.92
785.00;0.00;0.00;19.31;295.07;73.14;229.58;447.19
786.00;0.00;0.00;19.32;298.04;73.22;229.65;447.89
787.00;0.00;0.00;19.30;297.04;73.22;229.43;447.54
788.00;0.00;0.00;19.32;295.65;73.22;229.45;447.75
789.00;0.00;0.00;19.29;298.32;73.29;229.59;448.24
790.00;0.00;0.00;19.32;295.76;73.36;229.22;447.97
791.00;0.00;0.00;19.33;294.41;73.36;229.21;447.76
792.00;0.00;0.00;19.33;290.84;73.50;228.63;447.61
793.00;0.00;0.00;19.32;294.63;73.50;229.16;448.16
794.00;0.00;0.00;19.33;295.67;73.36;229.09;448.52
795.00;0.00;0.00;19.31;297.07;73.29;228.93;449.07
796.00;0.00;0.00;19.34;295.58;73.22;228.79;449.00
797.00;0.00;0.00;19.31;296.42;73.15;229.06;449.63
798.00;0.00;0.00;19.31;295.62;73.15;229.00;449.68
799.00;0.00;0.00;19.33;295.81;73.22;228.95;450.11
800.00;0.00;0.00;19.32;296.33;73.22;228.95;450.18
801.00;0.00;0.00;19.32;296.80;73.22;229.09;450.39
802.00;0.00;0.00;19.32;291.16;73.22;228.20;449.88
803.00;0.00;0.00;19.32;289.82;73.15;201.92;450.04
804.00;0.00;0.00;19.30;294.97;73.15;223.56;450.39
805.00;0.00;0.00;19.30;298.21;73.15;227.18;451.01
806.00;0.00;0.00;19.29;299.18;73.22;227.99;451.22
807.00;0.00;0.00;19.29;295.30;73.29;228.03;450.80
808.00;0.00;0.00;19.27;297.37;73.36;228.48;451.15
809.00;0.00;0.00;19.27;295.79;73.43;228.19;451.22
810.00;0.00;0.00;19.30;297.20;73.50;227.97;451.77
811.00;0.00;0.00;19.30;289.77;73.50;226.59;450.87
812.00;0.00;0.00;19.28;294.01;73.50;227.89;451.63
813.00;0.00;0.00;19.30;295.84;73.43;228.11;452.12
814.00;0.00;0.00;19.31;298.13;73.43;228.41;452.60
815.00;0.00;0.00;19.28;290.24;73.43;227.16;452.19
816.00;0.00;0.00;19.30;290.53;73.43;227.77;452.39
817.00;0.00;0.00;19.30;293.86;73.36;228.06;452.88
818.00;0.00;0.00;19.30;295.77;73.36;228.19;453.16
819.00;0.00;0.00;19.30;298.15;73.29;228.33;453.64
820.00;0.00;0.00;19.31;295.01;73.22;227.26;453.36
821.00;0.00;0.00;19.34;288.00;73.15;227.01;453.16
822.00;0.00;0.00;19.31;293.46;73.15;227.47;453.85
823.00;0.00;0.00;19.31;296.81;73.08;227.92;454.47
824.00;0.00;0.00;19.32;297.85;73.01;227.48;454.40
825.00;0.00;0.00;19.30;295.90;72.94;227.70;454.47
826.00;0.00;0.00;19.29;294.55;73.01;227.47;454.26
827.00;0.00;0.00;19.27;292.76;73.01;227.45;454.20
828.00;0.00;0.00;19.28;292.68;73.08;227.55;454.26
829.00;0.00;0.00;19.28;293.50;73.15;227.41;454.47
830.00;0.00;0.00;19.29;296.77;73.22;227.84;455.10
831.00;0.00;0.00;19.31;296.92;73.22;227.82;455.37
832.00;0.00;0.00;19.36;298.33;73.08;227.83;455.93
833.00;0.00;0.00;19.29;297.82;73.01;227.69;455.86
834.00;0.00;0.00;19.32;294.27;73.01;226.88;455.37
835.00;0.00;0.00;19.29;293.71;73.01;227.32;455.72
836.00;0.00;0.00;19.28;288.04;73.01;226.59;455.44
837.00;0.00;0.00;19.28;292.43;73.01;221.87;455.86
838.00;0.00;0.00;19.27;296.95;73.01;226.21;456.76
839.00;0.00;0.00;19.29;297.73;73.15;226.87;456.96
840.00;0.00;0.00;19.28;299.12;73.15;227.24;457.52
841.00;0.00;0.00;19.29;295.93;73.08;226.82;457.10
842.00;0.00;0.00;19.29;291.70;73.01;226.44;456.62
843.00;0.00;0.00;19.32;292.75;72.94;226.97;456.90
844.00;0.00;0.00;19.33;295.20;72.87;227.18;457.31
845.00;0.00;0.00;19.30;296.27;72.80;227.19;457.66
846.00;0.00;0.00;19.31;291.56;72.80;226.38;457.66
847.00;0.00;0.00;19.30;291.82;72.80;226.89;457.85
848.00;0.00;0.00;19.31;294.43;72.87;227.10;458.00
849.00;0.00;0.00;19.28;296.79;72.94;227.09;458.48
850.00;0.00;0.00;19.30;295.09;73.01;226.89;458.28
851.00;0.00;0.00;19.31;296.04;73.08;226.96;458.34
852.00;0.00;0.00;19.29;297.01;73.08;226.95;458.63
853.00;0.00;0.00;19.27;293.55;73.15;226.45;458.40
854.00;0.00;0.00;19.27;292.24;73.22;226.60;457.79
855.00;0.00;0.00;19.29;294.90;73.29;226.30;458.35
856.00;0.00;0.00;19.28;293.51;73.29;226.58;458.76
857.00;0.00;0.00;19.28;296.35;73.22;226.89;459.46
858.00;0.00;0.00;19.26;297.27;73.15;226.80;459.46
859.00;0.00;0.00;19.27;296.90;73.08;226.67;459.59
860.00;0.00;0.00;19.27;296.95;73.01;226.75;459.80
861.00;0.00;0.00;19.29;295.04;73.01;226.21;460.15
862.00;0.00;0.00;19.27;292.09;72.94;215.66;459.80
863.00;0.00;0.00;19.29;295.98;72.86;219.10;460.42
864.00;0.00;0.00;19.28;292.76;72.78;224.11;460.43
865.00;0.00;0.00;19.30;293.54;72.80;225.71;460.41
866.00;0.00;0.00;19.28;294.15;72.73;226.01;460.42
867.00;0.00;0.00;19.29;293.03;72.73;226.01;460.48
868.00;0.00;0.00;19.31;295.19;72.78;226.31;460.82
869.00;0.00;0.00;19.32;295.74;72.80;226.23;461.31
870.00;0.00;0.00;19.27;296.10;72.87;226.23;461.45
871.00;0.00;0.00;19.28;294.93;72.87;225.06;461.05
872.00;0.00;0.00;19.28;293.40;72.87;225.35;460.35
873.00;0.00;0.00;19.26;296.15;72.87;225.83;461.31
874.00;0.00;0.00;19.29;295.75;72.94;225.71;461.51
875.00;0.00;0.00;19.28;294.41;73.01;225.87;461.59
876.00;0.00;0.00;19.26;293.84;73.07;225.71;461.79
877.00;0.00;0.00;19.27;293.01;73.01;225.79;462.00
878.00;0.00;0.00;19.29;295.63;73.01;226.00;462.35
879.00;0.00;0.00;19.27;298.66;73.01;226.09;462.97
880.00;0.00;0.00;19.32;297.21;72.94;225.87;463.18
881.00;0.00;0.00;19.30;298.12;72.87;225.92;463.45
882.00;0.00;0.00;19.28;288.98;72.94;224.82;462.40
883.00;0.00;0.00;19.26;292.63;72.94;224.52;462.97
884.00;0.00;0.00;19.29;297.13;72.94;225.47;463.95
885.00;0.00;0.00;19.28;297.50;72.87;225.54;464.06
886.00;0.00;0.00;19.27;294.18;72.87;224.98;463.85
887.00;0.00;0.00;19.25;293.99;72.87;225.40;464.00
888.00;0.00;0.00;19.24;293.88;72.87;225.33;464.21
889.00;0.00;0.00;19.27;295.11;72.94;225.48;464.29
890.00;0.00;0.00;19.28;296.94;73.08;225.56;464.54
891.00;0.00;0.00;19.30;297.04;73.15;224.89;464.68
892.00;0.00;0.00;19.29;291.62;73.15;224.80;464.75
893.00;0.00;0.00;19.31;294.45;73.15;224.88;465.13
894.00;0.00;0.00;19.28;296.30;73.14;225.13;465.67
895.00;0.00;14.12;19.28;297.14;73.08;225.25;465.80
896.00;0.00;30.31;19.28;294.70;73.07;225.03;465.55
897.00;0.00;42.71;19.25;294.32;73.08;225.10;465.81
898.00;0.00;60.71;19.28;295.02;73.08;224.88;466.07
899.00;0.00;78.50;19.26;294.70;73.01;225.18;466.37
900.00;0.00;93.62;19.25;292.67;72.94;224.80;467.21
901.00;0.00;110.05;19.28;296.58;72.94;225.24;468.02
902.00;0.00;125.03;19.29;297.04;72.87;224.95;468.72
903.00;0.00;143.59;19.31;297.26;72.87;225.02;469.62
904.00;0.00;155.33;19.31;295.97;72.87;224.44;470.80
905.00;0.00;159.30;19.31;292.83;72.94;223.86;471.98
906.00;0.00;160.79;19.28;295.04;72.94;224.44;473.23
907.00;0.00;160.10;19.27;293.96;72.94;224.75;475.03
908.00;0.00;159.35;19.25;295.48;72.85;224.73;476.42
909.00;0.00;158.50;19.25;294.46;72.87;224.53;477.87
910.00;0.00;157.91;19.28;294.83;72.79;224.69;479.79
911.00;0.00;157.27;19.26;297.23;72.71;224.73;481.47
912.00;0.00;156.67;19.25;297.63;72.66;224.73;483.06
913.00;0.00;156.14;19.29;295.97;72.65;224.59;485.35
914.00;0.00;155.66;19.30;294.43;72.66;224.29;487.21
915.00;0.00;155.33;19.31;295.97;72.73;224.76;488.60
916.00;0.00;155.12;19.31;295.89;72.73;221.72;490.54
917.00;0.00;154.80;19.26;294.59;72.80;223.64;492.89
918.00;0.00;154.72;19.27;294.04;73.01;224.17;494.62
919.00;0.00;154.48;19.27;294.00;72.99;224.37;496.01
920.00;0.00;154.27;19.26;296.18;72.99;224.74;497.74
921.00;0.00;153.99;19.26;297.07;73.07;224.47;499.95
922.00;0.00;153.84;19.27;295.41;73.01;224.29;501.54
923.00;0.00;153.65;19.24;294.97;73.01;224.52;504.51
924.00;0.00;153.39;19.26;297.78;73.01;224.69;505.84
925.00;0.43;153.28;19.26;297.03;72.99;224.25;508.33
926.00;0.45;153.20;19.23;284.14;72.94;223.34;509.16
927.00;0.45;153.02;19.28;274.74;73.01;222.10;509.09
928.00;0.46;152.96;19.27;275.48;72.99;223.22;512.83
929.00;0.45;152.82;19.25;277.81;72.94;217.94;516.43
930.00;0.45;152.74;19.26;277.46;72.93;211.27;519.68
931.00;0.43;152.57;19.25;277.67;72.93;132.46;518.36
932.00;0.42;152.54;19.27;280.29;72.87;133.01;518.64
933.00;0.39;152.51;19.25;279.71;72.86;132.16;523.21
934.00;0.30;152.45;19.27;269.27;72.86;131.45;526.74
935.00;0.27;152.48;19.26;275.31;72.79;132.87;529.72
936.00;0.27;152.32;19.27;284.39;72.72;133.67;532.90
937.00;0.27;152.34;19.24;289.44;72.73;133.59;534.77
938.00;0.27;152.44;19.29;281.46;72.65;117.52;538.72
939.00;0.27;152.27;19.24;283.54;72.64;105.41;542.45
940.00;0.27;152.20;19.24;279.96;72.63;111.62;545.50
941.00;0.27;152.21;19.24;283.65;72.73;106.05;547.16
942.00;0.27;152.30;19.22;290.18;72.71;106.69;510.13
943.00;0.27;152.38;19.23;291.67;72.73;105.91;471.09
944.00;0.26;152.32;19.26;292.46;72.73;107.84;461.95
945.00;0.26;152.37;19.27;301.07;72.87;104.55;495.38
946.00;0.26;152.34;19.24;289.79;72.94;102.41;438.76
947.00;0.26;152.26;19.25;298.07;73.08;98.98;442.15
948.00;0.26;152.29;19.27;307.61;73.29;106.62;402.12
949.00;0.26;152.24;19.25;300.63;73.71;98.20;440.14
950.00;0.26;152.11;19.29;295.57;73.99;96.77;442.15
951.00;0.26;152.05;19.28;290.20;74.34;97.48;425.08
952.00;0.27;151.88;19.25;286.17;74.69;94.84;411.78
953.00;0.27;151.86;19.25;286.90;75.04;95.63;410.66
954.00;0.27;151.76;19.26;290.13;75.11;95.49;412.06
955.00;0.28;151.87;19.28;279.15;75.18;92.92;154.18
956.00;0.27;151.84;19.26;282.47;75.18;92.34;131.60
957.00;0.27;151.99;19.24;287.07;75.25;94.34;136.31
958.00;0.28;152.10;19.21;291.59;75.32;90.49;136.81
959.00;0.28;152.12;19.23;281.97;75.24;119.76;131.32
960.00;0.28;152.13;19.22;279.47;75.25;116.90;133.31
961.00;0.28;152.19;19.25;276.48;75.32;91.42;136.10
962.00;0.27;152.09;19.24;276.60;75.39;96.49;265.47
963.00;0.27;152.30;19.27;279.25;75.39;105.62;405.20
964.00;0.27;152.15;19.27;281.33;75.32;92.49;477.59
965.00;0.27;152.01;19.22;299.55;75.32;106.98;445.82
966.00;0.26;151.95;19.26;291.95;75.25;93.20;481.47
967.00;0.26;151.88;19.28;294.81;75.32;102.84;426.83
968.00;0.26;151.89;19.26;284.67;75.39;92.20;434.47
969.00;0.26;151.83;19.25;294.13;75.60;97.77;393.58
970.00;0.26;151.84;19.24;292.90;75.75;95.84;383.14
971.00;0.26;151.92;19.25;288.38;75.89;90.85;288.21
972.00;0.26;152.00;19.26;282.08;75.75;90.42;132.96
973.00;0.27;152.01;19.24;289.81;75.67;89.63;140.76
974.00;0.27;152.06;19.22;291.13;75.60;90.13;133.31
975.00;0.27;152.11;19.21;286.25;75.45;83.64;131.96
976.00;0.27;152.11;19.21;290.15;75.18;84.92;133.96
977.00;0.27;152.09;19.22;282.77;75.03;81.35;134.60
978.00;0.27;152.25;19.27;284.12;74.90;85.78;131.24
979.00;0.27;152.15;19.21;287.25;74.76;85.35;133.89
980.00;0.27;152.11;19.27;286.29;74.69;85.49;132.74
981.00;0.27;152.13;19.22;285.05;74.55;80.85;133.53
982.00;0.27;152.08;19.22;282.20;74.39;80.92;131.74
983.00;0.27;152.07;19.25;289.32;74.20;81.14;133.39
984.00;0.27;151.95;19.26;290.77;74.13;82.49;135.67
985.00;0.27;151.92;19.26;289.56;73.97;81.42;131.46
986.00;0.27;151.86;19.25;283.64;73.78;81.78;132.81
987.00;0.27;151.87;19.22;281.13;73.69;80.99;130.75
988.00;0.27;151.84;19.25;285.03;73.71;81.49;133.67
989.00;0.27;151.85;19.28;284.16;73.78;80.35;131.10
990.00;0.27;151.85;19.23;285.41;73.63;81.07;134.60
991.00;0.27;151.90;19.22;288.15;73.54;80.92;132.60
992.00;0.27;152.07;19.21;292.04;73.54;80.49;133.96
993.00;0.27;152.10;19.20;291.37;73.47;80.42;134.31
994.00;0.27;152.04;19.21;284.16;73.35;80.07;135.46
995.00;0.27;152.17;19.22;283.79;73.33;79.64;131.89
996.00;0.27;152.11;19.24;281.64;73.29;79.50;131.17
997.00;0.27;152.17;19.26;275.74;73.29;79.64;134.17
998.00;0.27;152.01;19.24;283.12;73.15;80.42;134.67
999.00;0.27;152.07;19.24;287.31;72.99;80.42;133.81
1000.00;0.27;151.93;19.24;289.64;72.80;79.64;132.96
1001.00;0.27;151.89;19.24;281.32;72.56;79.78;132.60
1002.00;0.27;151.84;19.25;284.88;72.50;79.78;133.03
1003.00;0.27;151.87;19.24;287.18;72.45;79.71;131.82
1004.00;0.27;151.90;19.20;278.86;72.45;78.71;130.60
1005.00;0.27;152.05;19.22;283.51;72.36;80.14;132.89
1006.00;0.27;152.13;19.19;287.79;72.29;79.71;136.03
1007.00;0.27;152.21;19.22;283.75;72.23;79.71;131.74
1008.00;0.27;152.13;19.20;289.66;72.09;80.07;133.89
1009.00;0.27;152.18;19.24;292.33;72.02;80.14;134.10
1010.00;0.27;152.04;19.21;284.10;72.01;79.21;131.60
1011.00;0.27;151.99;19.26;269.26;72.02;79.21;129.82
1012.00;0.27;151.97;19.24;279.68;71.94;79.85;138.45
1013.00;0.27;151.89;19.23;279.62;71.85;79.35;132.89
1014.00;0.27;151.92;19.24;282.56;71.78;79.35;133.03
1015.00;0.27;151.99;19.21;287.35;71.67;79.50;134.17
1016.00;0.27;151.95;19.19;287.02;71.60;79.21;131.89
1017.00;0.27;152.03;19.22;292.15;71.51;79.42;133.81
1018.00;0.26;152.18;19.23;288.81;71.46;79.64;136.03
1019.00;0.26;152.14;19.24;285.97;71.46;79.28;131.60
1020.00;0.26;152.06;19.26;276.82;71.39;79.57;130.39
1021.00;0.26;151.97;19.23;277.65;71.37;79.92;132.46
1022.00;0.26;151.89;19.24;280.09;71.39;79.71;130.17
1023.00;0.26;151.85;19.22;279.76;71.47;79.14;131.74
1024.00;0.26;152.04;19.21;285.60;71.38;79.07;133.10
1025.00;0.26;152.03;19.21;290.42;71.32;79.14;133.96
1026.00;0.27;152.14;19.22;281.74;71.30;79.42;132.17
1027.00;0.27;152.13;19.20;288.06;71.32;79.85;132.10
1028.00;0.27;152.06;19.22;280.56;71.31;80.21;131.67
1029.00;0.27;152.03;19.24;276.95;71.32;80.21;131.74
1030.00;0.28;151.98;19.24;283.14;71.23;80.71;133.67
1031.00;0.28;151.88;19.22;290.05;71.18;80.21;132.81
1032.00;0.28;151.95;19.24;287.06;71.11;80.07;132.46
1033.00;0.28;151.85;19.21;282.41;71.11;79.57;132.39
1034.00;0.28;151.96;19.19;283.69;71.10;79.50;131.89
1035.00;0.28;152.13;19.18;285.94;71.04;79.78;131.82
1036.00;0.28;152.14;19.20;279.58;71.03;79.35;130.75
1037.00;0.27;152.06;19.23;276.11;71.11;79.42;130.25
1038.00;0.27;151.98;19.21;275.58;71.16;79.35;130.10
1039.00;0.27;151.94;19.23;276.63;71.18;79.64;132.32
1040.00;0.27;151.88;19.25;279.25;71.24;79.64;132.74
1041.00;0.27;151.87;19.22;277.41;71.18;79.35;129.89
1042.00;0.27;151.91;19.20;279.29;71.17;79.78;132.32
1043.00;0.27;152.03;19.20;288.82;71.16;80.07;134.53
1044.00;0.26;152.14;19.19;284.76;71.15;79.00;131.17
1045.00;0.27;152.23;19.22;284.51;71.09;79.71;132.03
1046.00;0.27;152.04;19.22;284.51;71.11;79.42;133.53
1047.00;0.27;151.92;19.24;281.83;71.11;79.50;130.82
1048.00;0.27;151.73;19.25;278.55;71.09;79.50;130.17
1049.00;0.27;151.80;19.20;278.85;71.11;79.57;130.24
1050.00;0.27;152.06;19.16;280.66;71.10;79.92;133.53
1051.00;0.27;152.14;19.20;280.61;71.11;79.64;131.17
1052.00;0.27;152.10;19.22;281.56;71.18;79.42;130.96
1053.00;0.27;151.99;19.22;280.96;71.18;79.42;130.96
1054.00;0.27;151.87;19.23;279.05;71.15;79.71;130.25
1055.00;0.27;151.85;19.20;281.94;71.22;79.42;131.03
1056.00;0.27;151.91;19.19;272.68;71.23;79.21;129.89
1057.00;0.27;151.96;19.16;275.97;71.24;79.00;130.10
1058.00;0.27;152.11;19.22;276.35;71.24;79.00;129.75
1059.00;0.27;152.04;19.20;274.86;71.25;79.07;131.03
1060.00;0.27;152.14;19.22;283.72;71.24;79.14;133.67
1061.00;0.27;151.91;19.20;291.18;71.25;78.64;132.60
1062.00;0.27;151.68;19.20;297.93;71.25;80.14;132.74
1063.00;0.26;151.90;19.18;285.87;71.22;79.42;132.32
1064.00;0.27;151.88;19.18;272.27;71.23;79.71;129.39
1065.00;0.27;151.99;19.20;269.50;71.30;79.78;130.53
1066.00;0.27;151.96;19.20;267.91;71.30;79.71;129.53
1067.00;0.27;152.00;19.21;273.99;71.29;80.00;131.53
1068.00;0.27;151.82;19.22;280.64;71.22;79.71;131.82
1069.00;0.27;151.83;19.20;287.48;71.15;79.78;131.96
1070.00;0.27;152.12;19.18;283.55;71.09;79.50;131.24
1071.00;0.27;152.23;19.19;272.17;71.10;79.71;129.39
1072.00;0.27;152.20;19.21;274.02;71.08;80.14;131.60
1073.00;0.27;152.09;19.23;275.78;71.10;80.42;130.46
1074.00;0.27;151.77;19.22;282.40;71.10;80.49;131.32
1075.00;0.27;151.79;19.23;284.62;71.03;80.42;131.67
1076.00;0.27;151.80;19.16;283.54;70.96;79.64;131.17
1077.00;0.27;152.07;19.20;279.99;70.81;80.42;130.96
1078.00;0.27;152.25;19.20;281.08;70.76;80.42;131.03
1079.00;0.28;152.15;19.19;280.30;70.68;80.57;131.10
1080.00;0.28;151.87;19.22;276.44;70.67;80.78;130.32
1081.00;0.28;151.88;19.25;277.90;70.59;80.49;131.53
1082.00;0.28;151.89;19.20;275.84;70.60;80.21;131.53
1083.00;0.28;151.96;19.17;275.53;70.52;79.50;130.32
1084.00;0.28;152.15;19.19;272.62;70.45;80.00;129.68
1085.00;0.28;152.23;19.20;277.05;70.33;80.21;131.24
1086.00;0.28;152.14;19.21;274.65;70.17;80.00;130.53
1087.00;0.27;152.08;19.23;275.38;70.04;79.64;130.25
1088.00;0.27;152.01;19.23;277.39;69.99;79.71;131.46
1089.00;0.27;151.88;19.21;281.46;69.96;79.50;131.03
1090.00;0.27;151.85;19.18;278.60;69.89;79.35;130.67
1091.00;0.27;151.90;19.19;275.73;69.83;78.71;130.25
1092.00;0.27;152.14;19.19;275.29;69.82;79.07;130.25
1093.00;0.27;152.14;19.22;278.52;69.76;79.42;130.82
1094.00;0.27;152.14;19.25;281.79;69.68;79.35;131.39
1095.00;0.27;151.95;19.23;280.65;69.62;79.35;131.39
1096.00;0.27;151.87;19.21;278.14;69.54;78.35;130.39
1097.00;0.27;151.78;19.23;280.44;69.47;78.14;130.96
1098.00;0.27;152.05;19.17;277.56;69.41;78.35;130.17
1099.00;0.27;152.01;19.18;280.17;69.42;77.85;130.75
1100.00;0.27;152.25;19.21;279.39;69.40;78.21;131.17
1101.00;0.27;152.14;19.19;274.98;69.36;77.92;130.10
1102.00;0.27;152.11;19.21;276.46;69.35;77.78;130.60
1103.00;0.27;152.00;19.22;278.19;69.33;77.92;130.67
1104.00;0.27;151.93;19.23;278.17;69.27;77.85;130.46
1105.00;0.27;151.77;19.21;279.29;69.27;78.42;130.82
1106.00;0.27;151.79;19.21;275.49;69.33;78.07;129.75
1107.00;0.27;151.89;19.21;277.02;69.33;77.85;130.17
1108.00;0.27;152.15;19.17;276.16;69.33;77.28;130.25
1109.00;0.27;152.16;19.15;279.34;69.32;77.43;130.46
1110.00;0.27;152.24;19.24;285.19;69.41;78.07;131.74
1111.00;0.27;152.19;19.19;289.16;69.41;77.57;131.82
1112.00;0.27;152.11;19.18;282.15;69.39;77.57;131.03
1113.00;0.27;151.90;19.23;281.22;69.48;77.85;130.75
1114.00;0.27;152.02;19.19;274.25;69.56;78.07;129.68
1115.00;0.27;151.85;19.22;275.82;69.63;78.14;130.03
1116.00;0.27;151.84;19.21;280.44;69.62;78.21;130.75
1117.00;0.27;151.91;19.17;283.24;69.63;78.07;131.10
1118.00;0.27;152.01;19.16;283.39;69.61;77.43;131.17
1119.00;0.27;152.03;19.14;281.42;69.57;77.64;130.89
1120.00;0.27;152.00;19.19;281.95;69.54;77.50;131.10
1121.00;0.27;152.10;19.17;280.75;69.48;77.57;130.24
1122.00;0.27;152.09;19.21;276.05;69.47;77.78;129.60
1123.00;0.27;151.76;19.21;275.37;69.40;78.28;130.39
1124.00;0.27;151.88;19.17;283.63;69.39;78.07;131.03
1125.00;0.27;151.88;19.13;283.68;69.39;77.64;130.89
1126.00;0.27;152.11;19.17;285.76;69.43;77.64;131.30
1127.00;0.27;152.16;19.17;281.43;69.33;77.28;130.52
1128.00;0.27;152.07;19.19;276.01;69.33;77.85;130.02
1129.00;0.27;152.00;19.20;277.69;69.39;77.71;130.37
1130.00;0.27;152.02;19.21;287.02;69.43;77.92;131.73
1131.00;0.27;151.78;19.17;288.66;69.41;77.71;131.88
1132.00;0.27;152.09;19.20;287.60;69.50;77.64;131.37
1133.00;0.27;152.20;19.16;284.99;69.42;77.07;130.86
1134.00;0.27;152.23;19.17;281.23;69.57;77.28;130.82
1135.00;0.27;152.20;19.21;288.10;69.54;77.35;131.39
1136.00;0.27;151.90;19.18;285.48;69.49;76.71;130.81
1137.00;0.27;151.79;19.20;275.07;69.47;77.07;130.02
1138.00;0.27;151.99;19.16;282.06;69.41;77.28;130.87
1139.00;0.27;152.17;19.16;287.12;69.32;77.35;131.81
1140.00;0.27;151.98;19.19;293.84;69.27;77.50;132.58
1141.00;0.27;152.14;19.19;285.95;69.26;76.64;131.03
1142.00;0.27;152.02;19.20;283.39;69.18;77.14;131.09
1143.00;0.27;151.94;19.20;285.07;69.12;77.14;131.37
1144.00;0.27;151.90;19.16;284.40;69.20;77.43;130.74
1145.00;0.27;152.00;19.16;285.41;69.27;77.57;130.96
1146.00;0.27;152.13;19.17;289.96;69.34;77.35;131.39
1147.00;0.27;152.01;19.17;289.64;69.40;76.92;131.45
1148.00;0.27;152.04;19.20;288.40;69.50;76.93;131.51
1149.00;0.27;151.94;19.22;294.78;69.64;77.07;132.09
1150.00;0.27;151.80;19.22;290.30;69.70;77.71;131.38
1151.00;0.27;151.94;19.16;289.40;69.82;77.35;131.44
1152.00;0.27;152.11;19.16;287.14;69.98;76.85;131.03
1153.00;0.27;151.98;19.16;282.40;70.12;76.57;131.17
1154.00;0.27;152.18;19.17;286.36;70.25;76.78;131.51
1155.00;0.27;151.95;19.17;280.77;70.34;76.85;130.75
1156.00;0.27;152.10;19.18;279.66;70.32;76.93;131.00
1157.00;0.27;151.91;19.20;282.60;70.33;76.85;131.09
1158.00;0.27;151.86;19.17;289.60;70.41;76.93;132.23
1159.00;0.27;151.99;19.13;293.11;70.39;76.57;132.51
1160.00;0.27;152.14;19.19;290.97;70.33;76.64;131.89
1161.00;0.26;152.24;19.21;289.28;70.41;77.14;132.08
1162.00;0.26;152.10;19.20;288.53;70.55;78.00;130.74
1163.00;0.26;152.07;19.17;287.07;70.69;77.92;131.53
1164.00;0.26;151.87;19.17;288.30;70.83;78.07;131.53
1165.00;0.26;152.06;19.14;290.74;70.89;79.21;131.81
1166.00;0.27;152.15;19.13;291.29;70.97;79.07;132.10
1167.00;0.26;152.13;19.15;294.64;70.96;78.64;132.17
1168.00;0.27;151.86;19.19;294.35;70.97;78.71;132.53
1169.00;0.27;152.02;19.21;293.35;71.04;77.78;132.39
1170.00;0.27;151.99;19.18;290.93;71.18;76.50;131.96
1171.00;0.27;151.98;19.19;285.59;71.32;76.28;131.46
1172.00;0.27;151.99;19.13;289.92;71.47;75.85;131.89
1173.00;0.27;152.10;19.16;278.79;71.59;75.43;130.53
1174.00;0.27;152.07;19.18;282.14;71.68;75.64;130.67
1175.00;0.27;152.06;19.17;283.97;71.68;75.57;131.32
1176.00;0.27;151.98;19.18;290.74;71.67;75.78;132.39
1177.00;0.27;151.86;19.21;298.12;71.73;75.71;132.89
1178.00;0.27;151.92;19.19;295.77;71.67;74.86;132.46
1179.00;0.27;152.09;19.15;293.10;71.67;75.21;132.17
1180.00;0.27;152.35;19.17;288.94;71.96;74.36;131.60
1181.00;0.27;152.04;19.18;284.34;72.29;74.64;131.17
1182.00;0.27;152.08;19.18;281.67;72.66;74.50;130.89
1183.00;0.27;152.02;19.19;285.63;72.80;75.00;131.32
1184.00;0.27;151.99;19.22;288.37;72.94;74.86;131.67
1185.00;0.27;151.73;19.18;290.04;72.87;74.57;132.10
1186.00;0.27;152.01;19.15;289.80;72.72;74.00;131.74
1187.00;0.27;152.00;19.15;293.32;72.73;74.14;132.39
1188.00;0.27;152.28;19.16;295.19;72.85;74.57;133.03
1189.00;0.26;152.11;19.17;291.69;73.08;73.93;132.03
1190.00;0.27;151.99;19.22;289.01;73.28;74.14;131.60
1191.00;0.27;151.79;19.18;285.37;73.49;73.86;131.46
1192.00;0.27;151.76;19.21;278.57;73.71;73.86;130.60
1193.00;0.27;151.93;19.17;282.50;73.92;73.71;131.08
1194.00;0.27;152.09;19.16;285.15;73.92;73.93;131.96
1195.00;0.27;152.14;19.16;291.76;73.78;74.07;132.67
1196.00;0.27;152.21;19.14;296.31;73.64;74.21;132.88
1197.00;0.27;152.12;19.18;295.36;73.57;74.00;132.89
1198.00;0.26;152.19;19.16;294.70;73.64;73.43;132.53
1199.00;0.27;152.03;19.20;285.42;73.98;73.71;131.24
1200.00;0.27;152.06;19.19;277.16;74.34;74.00;130.45
1201.00;0.27;151.80;19.19;279.24;74.82;74.64;130.75
1202.00;0.27;151.93;19.14;278.59;75.18;73.93;131.16
1203.00;0.27;152.16;19.13;284.64;75.09;74.71;131.96
1204.00;0.27;152.17;19.14;287.70;74.90;73.93;132.24
1205.00;0.27;152.27;19.17;294.25;74.62;74.00;133.17
1206.00;0.27;151.97;19.17;299.10;74.54;73.93;133.73
1207.00;0.27;152.02;19.20;298.15;74.76;74.07;133.29
1208.00;0.27;151.61;19.16;293.25;75.03;73.78;132.67
1209.00;0.27;151.93;19.17;288.15;75.46;73.71;131.67
1210.00;0.27;152.01;19.16;281.39;75.96;73.64;130.73
1211.00;0.27;152.09;19.16;282.98;76.35;73.50;131.24
1212.00;0.27;152.04;19.17;285.45;76.51;73.50;131.74
1213.00;0.27;152.43;19.19;279.84;76.38;73.57;131.03
1214.00;0.27;152.14;19.13;278.13;76.16;73.50;130.87
1215.00;0.27;151.92;19.17;278.77;75.93;73.71;130.96
1216.00;0.27;151.98;19.19;283.94;75.93;73.28;131.74
1217.00;0.27;151.83;19.16;287.29;75.94;73.43;132.17
1218.00;0.27;151.95;19.15;295.63;75.86;73.43;132.81
1219.00;0.27;151.91;19.16;290.21;75.80;73.36;132.53
1220.00;0.27;152.25;19.14;289.69;75.82;73.21;132.17
1221.00;0.27;152.19;19.17;290.70;76.17;73.43;132.32
1222.00;0.27;151.88;19.18;285.46;76.44;73.14;131.82
1223.00;0.27;151.98;19.18;285.93;76.80;73.28;131.89
1224.00;0.27;151.84;19.15;286.50;76.94;72.93;131.82
1225.00;0.27;151.92;19.14;292.17;77.22;73.14;132.60
1226.00;0.27;151.95;19.14;289.53;77.20;73.28;132.67
1227.00;0.27;152.09;19.12;283.51;77.21;73.21;131.39
1228.00;0.27;152.14;19.15;283.47;77.36;73.21;131.46
1229.00;0.27;151.96;19.14;284.28;77.64;73.36;131.74
1230.00;0.27;152.18;19.16;292.38;77.78;73.43;132.89
1231.00;0.27;152.12;19.16;289.94;77.99;73.14;132.46
1232.00;0.27;152.00;19.16;285.90;77.92;73.14;132.32
1233.00;0.27;151.77;19.16;277.27;77.92;73.07;130.17
1234.00;0.27;151.52;19.15;279.89;78.19;73.28;130.89
1235.00;0.27;152.13;19.13;288.14;78.62;73.50;132.67
1236.00;0.27;152.35;19.12;284.61;78.76;73.28;131.74
1237.00;0.27;152.31;19.12;284.41;78.41;73.28;131.82
1238.00;0.27;152.15;19.15;290.03;78.13;73.43;132.60
1239.00;0.27;151.90;19.18;280.27;78.33;73.36;131.39
1240.00;0.27;151.88;19.14;281.44;78.76;73.50;131.32
1241.00;0.27;151.96;19.14;281.14;79.04;73.50;131.17
1242.00;0.27;151.96;19.12;279.39;79.38;73.50;131.24
1243.00;0.27;152.01;19.14;281.21;79.46;73.50;131.74
1244.00;0.27;152.34;19.12;281.77;79.46;73.64;131.82
1245.00;0.27;152.12;19.15;289.58;79.38;73.64;132.39
1246.00;0.27;151.95;19.20;282.95;79.25;73.78;131.67
1247.00;0.27;151.77;19.15;284.21;79.46;73.78;131.67
1248.00;0.27;151.95;19.14;290.97;79.67;73.78;132.60
1249.00;0.27;152.01;19.14;280.81;79.88;74.07;131.17
1250.00;0.27;152.15;19.11;284.84;80.16;74.07;132.10
1251.00;0.27;152.08;19.15;284.39;80.16;74.14;131.74
1252.00;0.27;152.05;19.15;278.93;80.43;74.36;130.82
1253.00;0.27;152.06;19.16;274.96;80.52;74.43;130.75
1254.00;0.27;151.99;19.14;278.25;80.50;74.36;131.10
1255.00;0.27;151.98;19.15;283.58;80.59;74.36;131.82
1256.00;0.27;151.71;19.15;287.47;80.36;74.50;132.60
1257.00;0.27;151.95;19.13;287.02;80.02;74.43;132.53
1258.00;0.27;152.08;19.12;292.26;79.96;74.71;132.81
1259.00;0.27;152.36;19.13;291.91;80.15;75.00;132.89
1260.00;0.27;152.08;19.13;288.78;80.58;74.86;132.39
1261.00;0.27;151.98;19.14;275.51;80.94;74.93;130.60
1262.00;0.27;151.92;19.18;281.73;81.22;74.95;131.53
1263.00;0.27;151.81;19.16;280.88;81.63;74.93;131.96
1264.00;0.27;151.80;19.16;283.56;81.76;75.14;131.89
1265.00;0.27;151.75;19.14;290.37;81.43;75.14;132.74
1266.00;0.27;151.72;19.15;283.25;81.20;75.14;131.67
1267.00;0.27;152.16;19.14;281.85;81.14;75.36;131.46
1268.00;0.27;152.11;19.14;279.93;81.28;75.71;131.53
1269.00;0.27;152.37;19.13;284.59;81.56;75.71;132.10
1270.00;0.27;152.24;19.12;282.46;81.85;75.58;131.82
1271.00;0.27;152.18;19.13;280.73;81.75;75.64;131.39
1272.00;0.27;151.97;19.13;285.82;81.63;75.57;132.17
1273.00;0.26;151.81;19.17;287.45;81.71;76.14;132.24
1274.00;0.27;151.91;19.15;287.25;81.85;76.07;132.39
1275.00;0.27;151.98;19.15;274.56;81.85;76.14;130.89
1276.00;0.27;151.92;19.13;279.07;81.98;76.07;131.32
1277.00;0.27;151.96;19.11;286.21;82.27;75.93;132.39
1278.00;0.27;151.95;19.09;292.55;82.47;75.86;133.10
1279.00;0.27;152.05;19.13;286.01;82.32;76.21;132.10
1280.00;0.27;152.15;19.12;276.29;82.20;76.28;131.39
1281.00;0.27;152.04;19.14;280.39;82.34;76.28;131.53
1282.00;0.27;152.09;19.11;285.35;82.83;76.14;132.24
1283.00;0.27;151.96;19.14;274.90;83.03;76.21;131.03
1284.00;0.27;152.03;19.12;282.80;82.83;76.28;131.82
1285.00;0.27;151.96;19.17;290.55;82.62;76.28;132.96
1286.00;0.27;152.03;19.15;289.31;82.69;76.28;132.60
1287.00;0.27;152.05;19.13;278.16;82.62;76.71;130.96
1288.00;0.27;152.19;19.13;278.61;82.69;76.64;131.39
1289.00;0.27;151.95;19.13;276.26;83.04;76.71;130.89
1290.00;0.27;151.59;19.11;282.26;83.39;76.64;132.10
1291.00;0.27;152.18;19.13;286.07;83.25;76.71;132.60
1292.00;0.27;152.19;19.11;286.06;82.97;76.71;132.60
1293.00;0.27;152.27;19.12;285.80;82.83;76.57;132.03
1294.00;0.27;151.92;19.12;277.11;82.83;76.78;131.17
1295.00;0.27;152.21;19.11;277.92;83.11;77.00;131.67
1296.00;0.27;152.33;19.13;287.11;83.46;76.93;132.74
1297.00;0.26;152.14;19.15;285.10;83.66;77.00;132.24
1298.00;0.26;151.96;19.13;282.35;83.53;76.93;131.89
1299.00;0.26;152.07;19.14;281.03;83.32;77.07;132.17
1300.00;0.26;152.00;19.16;279.94;83.53;77.14;131.89
1301.00;0.26;151.88;19.15;278.66;83.88;77.28;131.67
1302.00;0.26;151.84;19.14;281.85;83.95;77.35;132.24
1303.00;0.26;151.82;19.14;283.93;83.95;77.50;132.60
1304.00;0.27;152.00;19.16;284.96;83.95;77.50;132.58
1305.00;0.27;151.79;19.16;279.89;83.88;77.57;131.95
1306.00;0.26;151.97;19.12;286.81;84.02;77.43;133.01
1307.00;0.26;151.92;19.13;282.28;84.17;77.35;132.52
1308.00;0.27;151.84;19.12;281.31;84.38;77.79;132.03
1309.00;0.27;151.97;19.12;277.14;84.38;77.85;131.74
1310.00;0.27;151.91;19.07;276.37;84.52;78.00;131.39
1311.00;0.27;151.97;19.10;279.30;84.66;77.78;131.78
1312.00;0.27;152.35;19.11;278.11;84.52;78.00;131.74
1313.00;0.27;152.31;19.12;279.86;84.38;77.93;132.24
1314.00;0.27;152.30;19.10;281.44;84.24;78.00;132.43
1315.00;0.27;152.15;19.12;283.50;84.31;77.93;132.31
1316.00;0.27;152.15;19.11;282.26;84.24;78.07;132.16
1317.00;0.27;152.15;19.10;280.31;84.24;78.21;131.93
1318.00;0.27;151.96;19.13;276.21;84.45;78.50;131.59
1319.00;0.27;152.00;19.16;284.27;84.52;78.50;132.64
1320.00;0.27;151.73;19.16;283.55;84.45;78.57;132.44
1321.00;0.27;152.05;19.13;286.68;84.24;78.71;133.07
1322.00;0.27;151.88;19.15;287.09;83.95;78.85;133.15
1323.00;0.27;151.62;19.14;279.03;83.67;78.92;132.07
1324.00;0.27;151.95;19.15;277.20;83.53;78.78;132.28
1325.00;0.27;151.86;19.14;282.28;83.46;78.85;132.59
1326.00;0.27;151.94;19.12;283.88;83.25;78.92;132.81
1327.00;0.27;151.92;19.10;276.93;82.90;79.07;131.57
1328.00;0.27;151.87;19.10;277.19;82.55;79.07;131.67
1329.00;0.27;151.89;19.08;283.36;82.27;79.00;132.58
1330.00;0.27;152.04;19.10;283.76;82.13;79.07;132.28
1331.00;0.27;152.32;19.13;276.06;81.92;79.43;131.60
1332.00;0.27;152.26;19.11;280.68;81.50;79.50;132.08
1333.00;0.27;152.11;19.13;283.20;81.15;79.50;132.46
1334.00;0.27;152.07;19.12;281.66;80.94;79.57;132.39
1335.00;0.27;152.21;19.10;280.17;80.59;79.85;132.10
1336.00;0.27;151.95;19.15;282.43;80.38;79.92;132.67
1337.00;0.27;151.88;19.13;281.33;80.24;79.85;132.10
1338.00;0.27;151.79;19.11;275.69;79.96;80.00;131.53
1339.00;0.27;151.85;19.12;272.77;79.74;80.07;131.17
1340.00;0.27;151.95;19.13;278.72;79.53;80.07;132.32
1341.00;0.27;152.03;19.09;281.88;79.32;80.00;132.37
1342.00;0.27;152.07;19.10;283.19;79.18;80.14;132.24
1343.00;0.27;152.24;19.11;284.89;78.90;80.14;132.67
1344.00;0.27;152.08;19.12;284.76;78.76;80.14;132.67
1345.00;0.27;151.89;19.10;287.57;78.48;80.14;133.10
1346.00;0.27;151.95;19.12;278.14;78.34;80.50;131.82
1347.00;0.27;152.20;19.12;278.46;78.05;80.57;131.89
1348.00;0.27;151.82;19.15;275.90;77.85;80.71;131.67
1349.00;0.28;151.87;19.12;273.64;77.71;80.78;131.39
1350.00;0.28;152.08;19.08;273.06;77.57;80.78;131.67
1351.00;0.28;151.81;19.08;279.29;77.27;80.72;132.10
1352.00;0.28;152.28;19.12;282.47;77.01;80.65;132.53
1353.00;0.28;151.92;19.12;275.05;76.64;80.79;131.53
1354.00;0.28;151.94;19.13;272.15;76.45;80.92;131.17
1355.00;0.27;151.87;19.15;278.14;76.07;80.94;131.74
1356.00;0.27;151.81;19.09;277.99;75.89;81.00;131.89
1357.00;0.27;151.98;19.08;280.48;75.67;81.15;132.17
1358.00;0.27;152.06;19.07;283.07;75.38;81.09;132.53
1359.00;0.27;152.19;19.10;273.79;75.04;81.10;131.10
1360.00;0.27;152.20;19.12;274.85;74.69;81.38;131.32
1361.00;0.27;152.07;19.15;279.26;74.41;81.45;131.89
1362.00;0.27;151.87;19.16;281.81;74.12;81.45;132.46
1363.00;0.27;151.96;19.15;277.45;73.96;81.53;131.89
1364.00;0.27;152.12;19.11;275.02;73.90;81.60;131.17
1365.00;0.27;152.18;19.12;272.73;73.71;81.80;131.32
1366.00;0.26;152.13;19.11;277.08;73.57;82.10;131.89
1367.00;0.26;152.22;19.11;267.23;73.48;82.10;130.46
1368.00;0.27;152.09;19.09;272.83;73.54;82.31;131.60
1369.00;0.27;152.06;19.11;275.38;73.63;82.09;131.82
1370.00;0.27;151.95;19.14;277.78;73.64;82.24;131.67
1371.00;0.27;151.81;19.13;280.30;73.77;82.17;131.74
1372.00;0.27;151.79;19.09;278.89;73.78;82.17;131.74
1373.00;0.27;152.10;19.06;277.02;73.78;82.16;131.96
1374.00;0.26;152.23;19.08;277.65;73.69;82.37;131.32
1375.00;0.27;152.12;19.09;273.43;73.63;82.17;131.10
1376.00;0.27;151.91;19.12;270.85;73.64;82.52;131.03
1377.00;0.26;152.18;19.12;272.21;73.54;82.74;131.24
1378.00;0.27;151.95;19.12;274.62;73.55;82.60;131.67
1379.00;0.27;151.86;19.12;278.85;73.62;82.81;131.89
1380.00;0.27;151.82;19.09;273.94;73.69;82.74;131.17
1381.00;0.27;152.06;19.09;266.85;73.70;82.74;130.32
1382.00;0.27;152.03;19.10;270.11;73.54;82.89;130.89
1383.00;0.27;151.96;19.10;266.26;73.49;82.89;130.67
1384.00;0.27;152.23;19.13;266.23;73.48;82.95;130.46
1385.00;0.27;152.05;19.12;275.22;73.63;83.10;131.74
1386.00;0.27;152.08;19.12;276.25;73.63;82.89;131.53
1387.00;0.27;152.14;19.15;280.44;73.62;83.10;132.03
1388.00;0.27;151.82;19.13;277.78;73.61;83.16;131.46
1389.00;0.27;151.89;19.10;275.56;73.55;83.17;131.46
1390.00;0.27;152.07;19.07;269.94;73.41;83.39;130.96
1391.00;0.27;151.98;19.09;268.92;73.19;83.46;130.75
1392.00;0.27;152.08;19.08;275.68;73.14;83.39;131.67
1393.00;0.27;152.18;19.12;276.77;72.99;83.39;131.82
1394.00;0.27;152.09;19.12;276.83;73.00;83.46;131.60
1395.00;0.26;152.05;19.14;270.22;72.98;83.46;130.60
1396.00;0.27;151.93;19.16;268.49;72.84;83.46;130.25
1397.00;0.27;151.85;19.14;272.28;72.77;83.53;131.24
1398.00;0.27;151.86;19.15;271.10;72.71;83.60;130.82
1399.00;0.27;151.76;19.12;270.36;72.84;83.46;130.89
1400.00;0.27;151.97;19.11;275.99;72.90;83.39;131.74
1401.00;0.27;151.97;19.08;277.57;72.84;83.46;132.24
1402.00;0.27;152.11;19.08;279.58;72.79;83.46;132.24
1403.00;0.26;152.11;19.07;269.42;72.73;83.39;130.60
1404.00;0.27;152.20;19.11;274.40;72.57;83.39;131.32
1405.00;0.27;151.97;19.10;264.46;72.42;83.46;129.96
1406.00;0.27;152.06;19.11;268.42;72.36;83.46;130.32
1407.00;0.27;152.11;19.08;267.57;72.43;83.39;130.53
1408.00;0.27;152.17;19.10;274.48;72.49;83.39;131.67
1409.00;0.27;151.99;19.11;276.12;72.49;83.24;131.67
1410.00;0.27;152.04;19.10;272.14;72.49;83.17;130.89
1411.00;0.27;152.09;19.13;270.58;72.42;83.24;130.96
1412.00;0.27;152.02;19.13;269.50;72.16;83.17;130.96
1413.00;0.27;151.97;19.15;272.52;71.87;83.10;131.17
1414.00;0.27;152.21;19.13;271.31;71.72;83.03;131.17
1415.00;0.27;151.76;19.13;274.71;71.72;82.81;131.46
1416.00;0.27;151.84;19.14;273.94;71.68;82.81;131.03
1417.00;0.27;151.58;19.12;268.85;71.53;82.74;130.67
1418.00;0.27;151.82;19.11;266.31;71.52;82.60;130.39
1419.00;0.27;152.13;19.13;271.34;71.39;82.67;130.96
1420.00;0.27;151.99;19.12;273.78;71.17;82.67;131.19
1421.00;0.27;151.97;19.12;275.22;71.16;82.53;131.32
1422.00;0.27;151.77;19.14;270.27;71.10;82.31;130.82
1423.00;0.27;152.05;19.10;272.09;70.87;82.24;131.10
1424.00;0.27;151.90;19.11;279.21;70.76;82.46;132.17
1425.00;0.27;151.98;19.08;278.16;70.62;82.24;132.03
1426.00;0.27;152.09;19.10;277.22;70.62;82.10;131.74
1427.00;0.27;152.05;19.10;272.43;70.62;82.03;130.75
1428.00;0.27;151.91;19.10;270.53;70.41;81.96;130.75
1429.00;0.27;152.05;19.09;272.95;70.27;81.89;131.53
1430.00;0.27;152.00;19.05;268.91;70.20;81.74;130.60
1431.00;0.27;152.13;19.09;264.15;70.20;81.39;130.03
1432.00;0.27;152.03;19.10;272.43;70.27;81.60;131.46
1433.00;0.27;152.18;19.09;274.08;70.20;81.03;131.25
1434.00;0.27;152.21;19.08;272.55;70.20;81.17;131.10
1435.00;0.27;152.05;19.09;275.80;70.20;81.10;131.60
1436.00;0.27;152.08;19.08;277.81;70.13;81.10;131.89
1437.00;0.27;152.03;19.12;275.65;69.91;80.89;131.67
1438.00;0.27;152.09;19.11;272.46;69.78;80.67;131.10
1439.00;0.27;152.11;19.11;272.71;69.64;80.46;131.39
1440.00;0.27;151.95;19.12;271.43;69.57;80.60;130.89
1441.00;0.27;151.84;19.13;275.49;69.48;80.17;131.75
1442.00;0.27;151.87;19.12;266.82;69.49;80.25;130.75
1443.00;0.27;151.88;19.15;271.81;69.43;80.17;131.10
1444.00;0.27;151.90;19.13;273.57;69.36;80.25;131.53
1445.00;0.27;151.65;19.12;273.34;69.29;80.03;131.39
1446.00;0.27;151.95;19.12;277.84;69.29;79.96;131.89
1447.00;0.27;151.93;18.92;274.73;69.22;79.89;131.82
1448.00;0.27;151.71;17.42;271.50;69.01;79.60;130.89
1449.00;0.27;152.04;15.45;274.12;68.94;79.75;131.46
1450.00;0.27;152.15;8.17;268.31;68.85;79.32;130.82
1451.00;0.27;152.05;3.68;269.79;68.80;79.25;130.75
1452.00;0.27;152.23;0.77;270.32;68.80;79.53;131.32
1453.00;0.27;152.01;0.00;274.74;68.78;79.17;131.74
1454.00;0.27;152.23;0.00;279.57;68.87;79.25;132.39
1455.00;0.27;152.38;0.00;278.83;68.87;79.32;132.39
1456.00;0.26;151.80;0.00;273.61;68.87;78.89;131.96
1457.00;0.27;150.47;0.00;270.32;68.73;78.67;131.17
1458.00;0.27;137.97;0.00;266.89;68.64;79.03;130.75
1459.00;0.27;125.85;0.00;270.07;68.58;79.10;131.39
1460.00;0.27;113.94;0.00;272.35;68.45;78.53;131.53
1461.00;0.27;100.30;0.00;275.25;68.44;78.46;132.32
1462.00;0.27;86.89;0.00;268.77;68.45;78.39;131.25
1463.00;0.27;70.83;0.00;269.52;68.45;78.39;131.25
1464.00;0.27;60.13;0.00;273.40;68.45;78.39;131.67
1465.00;0.27;44.28;0.00;271.78;68.45;78.46;131.60
1466.00;0.27;28.37;0.00;270.39;68.52;78.25;131.60
1467.00;0.27;16.81;0.00;264.69;68.59;78.32;131.10
1468.00;0.27;6.01;0.00;269.52;68.65;78.01;131.53
1469.00;0.27;0.09;0.00;268.06;68.66;78.03;131.53
1470.00;0.26;0.00;0.00;266.90;68.73;77.82;131.25
1471.00;0.27;0.00;0.00;271.09;68.73;77.75;131.53
1472.00;0.27;0.00;0.00;270.73;68.79;77.67;131.17
1473.00;0.27;0.00;0.00;268.50;68.80;77.46;130.25
1474.00;0.27;0.00;0.00;272.21;68.87;77.75;128.96
1475.00;0.27;0.00;0.00;272.62;68.87;77.32;127.32
1476.00;0.27;0.00;0.00;273.41;68.87;77.39;125.32
1477.00;0.27;0.00;0.00;272.78;68.94;77.17;124.25
1478.00;0.27;0.00;0.00;271.07;68.94;77.18;122.82
1479.00;0.27;0.00;0.00;273.70;69.01;77.25;124.75
1480.00;0.27;0.00;0.00;269.24;69.01;77.10;118.47
1481.00;0.27;0.00;0.00;270.34;69.07;77.03;120.68
1482.00;0.27;0.00;0.00;272.10;69.13;76.96;119.47
1483.00;0.27;0.00;0.00;269.29;69.22;76.74;117.26
1484.00;0.27;0.00;0.00;270.27;69.22;76.67;116.39
1485.00;0.27;0.00;0.00;276.85;69.29;76.88;119.90
1486.00;0.27;0.00;0.00;290.64;69.20;77.10;122.39
1487.00;0.27;0.00;0.00;288.50;69.29;76.95;119.47
1488.00;0.27;0.00;0.00;286.58;69.29;76.74;115.05
1489.00;0.27;0.00;0.00;283.95;69.29;76.95;115.89
1490.00;0.27;0.00;0.00;284.28;69.21;76.95;117.09
1491.00;0.27;0.00;0.00;279.71;69.22;76.94;116.47
1492.00;0.27;0.00;0.00;278.28;69.29;77.32;119.08
